"GAMEID","WEEK","QTR","START","POS","DEF","PASSER","TARGET","AIR YARDS","NOTES","PlayIden","play_id"
1,1,1,"14:21","SEA","DC","B.SILVERS","K.REYNOLDS",0,NA,"1_1_14:21",17527
1,1,1,"13:43","SEA","DC","B.SILVERS","K.REYNOLDS",18,NA,"1_1_13:43",6227
1,1,1,"12:18","DC","SEA","C.JONES","R.ROSS",19,NA,"1_1_12:18",23542
1,1,1,"11:53","DC","SEA","C.JONES","E.ROGERS",17,NA,"1_1_11:53",23541
1,1,1,"11:26","DC","SEA","C.JONES","D.PUMPHREY",-3,NA,"1_1_11:26",17523
1,1,1,"8:12","DC","SEA","C.JONES","N/A",17,NA,"1_1_8:12",17530
1,1,1,"7:43","DC","SEA","C.JONES","D.PUMPHREY",7,NA,"1_1_7:43",17560
1,1,1,"6:46","SEA","DC","B.SILVERS","C.JETER",5,NA,"1_1_6:46",17531
1,1,1,"5:04","SEA","DC","B.SILVERS","D.BYRD",26,NA,"1_1_5:04",28429
1,1,1,"4:30","SEA","DC","B.SILVERS","A.PROEHL",14,"CORRECT","1_1_4:30",28447
1,1,1,"3:48","DC","SEA","C.JONES","J.PRESSLEY",16,NA,"1_1_3:48",6413
1,1,1,"1:20","DC","SEA","C.JONES","E.ROGERS",7,NA,"1_1_1:20",17481
1,1,1,"0:43","DC","SEA","C.JONES","M.DUPRE",3,NA,"1_1_0:43",28486
1,1,1,"0:01","DC","SEA","C.JONES","D.ERNSBERGER",20,NA,"1_1_0:01",NA
1,1,2,"13:09","SEA","DC","B.SILVERS","B.JOHNSON",0,NA,"1_2_13:09",28437
1,1,2,"11:26","SEA","DC","B.SILVERS","A.MOORE",32,"CORRECT","1_2_11:26",6512
1,1,2,"10:53","SEA","DC","B.SILVERS","T.WILLIAMS",0,NA,"1_2_10:53",6518
1,1,2,"10:31","SEA","DC","B.SILVERS","A.PROEHL",10,NA,"1_2_10:31",23533
1,1,2,"10:23","DC","SEA","C.JONES","J.PRESSLEY",-6,NA,"1_2_10:23",17505
1,1,2,"9:41","DC","SEA","C.JONES","M.DUPRE",14,NA,"1_2_9:41",6541
1,1,2,"9:09","DC","SEA","C.JONES","D.PUMPHREY",5,NA,"1_2_9:09",6546
1,1,2,"6:50","SEA","DC","B.SILVERS","A.PROEHL",12,NA,"1_2_6:50",6670
1,1,2,"6:16","SEA","DC","B.SILVERS","K.REYNOLDS",3,NA,"1_2_6:16",17498
1,1,2,"5:42","SEA","DC","B.SILVERS","K.FARROW",-5,NA,"1_2_5:42",28492
1,1,2,"4:10","DC","SEA","C.JONES","E.ROGERS",-4,NA,"1_2_4:10",17511
1,1,2,"3:32","DC","SEA","C.JONES","M.DUPRE",5,NA,"1_2_3:32",17532
1,1,2,"2:00","SEA","DC","B.SILVERS","A.PROEHL",0,NA,"1_2_2:00",6673
1,1,2,"1:48","SEA","DC","B.SILVERS","D.BYRD",34,NA,"1_2_1:48",28444
1,1,2,"1:25","SEA","DC","B.SILVERS","K.REYNOLDS",23,NA,"1_2_1:25",17578
1,1,2,"1:19","SEA","DC","B.SILVERS","T.WILLIAMS",-2,NA,"1_2_1:19",NA
1,1,2,"1:03","SEA","DC","B.SILVERS","K.FARROW",2,NA,"1_2_1:03",28434
1,1,2,"0:26","SEA","DC","B.SILVERS","T.WILLIAMS",-2,NA,"1_2_0:26",28446
1,1,2,"0:20","DC","SEA","C.JONES","M.DUPRE",15,NA,"1_2_0:20",6729
1,1,3,"14:53","DC","SEA","C.JONES","S.COBBS",11,NA,"1_3_14:53",6787
1,1,3,"12:50","DC","SEA","C.JONES","E.ROGERS",21,NA,"1_3_12:50",17537
1,1,3,"12:07","DC","SEA","C.JONES","K.LEE",20,NA,"1_3_12:07",6820
1,1,3,"10:42","SEA","DC","B.SILVERS","A.PROEHL",12,NA,"1_3_10:42",28443
1,1,3,"9:14","DC","SEA","C.JONES","J.PRESSLEY",-6,NA,"1_3_9:14",17475
1,1,3,"6:57","DC","SEA","C.JONES","N/A",10,NA,"1_3_6:57",17501
1,1,3,"5:14","SEA","DC","B.SILVERS","K.FARROW",-4,NA,"1_3_5:14",17554
1,1,3,"4:20","DC","SEA","C.JONES","E.ROGERS",18,NA,"1_3_4:20",28489
1,1,3,"3:43","DC","SEA","C.JONES","N/A",1,NA,"1_3_3:43",28494
1,1,3,"1:51","DC","SEA","C.JONES","R.ROSS",27,NA,"1_3_1:51",6989
1,1,3,"1:38","SEA","DC","B.SILVERS","C.JETER",14,NA,"1_3_1:38",7012
1,1,3,"0:37","SEA","DC","B.SILVERS","A.PROEHL",3,NA,"1_3_0:37",28431
1,1,4,"15:00","SEA","DC","B.SILVERS","T.WILLIAMS",1,NA,"1_4_15:00",28441
1,1,4,"14:23","SEA","DC","B.SILVERS","A.MOORE",17,"CORRECT","1_4_14:23",7040
1,1,4,"13:58","SEA","DC","B.SILVERS","C.JETER",0,NA,"1_4_13:58",7046
1,1,4,"13:34","SEA","DC","B.SILVERS","T.WILLIAMS",-4,NA,"1_4_13:34",17506
1,1,4,"12:55","SEA","DC","B.SILVERS","A.PROEHL",7,NA,"1_4_12:55",23530
1,1,4,"11:19","SEA","DC","B.SILVERS","D.BYRD",3,NA,"1_4_11:19",28430
1,1,4,"10:51","SEA","DC","B.SILVERS","E.RODRIGUEZ",5,NA,"1_4_10:51",28436
1,1,4,"9:45","SEA","DC","B.SILVERS","D.BYRD",24,NA,"1_4_9:45",7131
1,1,4,"9:13","SEA","DC","B.SILVERS","K.REYNOLDS",20,NA,"1_4_9:13",7165
1,1,4,"7:53","SEA","DC","B.SILVERS","D.BYRD",14,NA,"1_4_7:53",7170
1,1,4,"6:37","SEA","DC","B.SILVERS","E.RODRIGUEZ",2,NA,"1_4_6:37",7199
1,1,4,"5:06","DC","SEA","C.JONES","S.COBBS",13,NA,"1_4_5:06",NA
1,1,4,"3:42","DC","SEA","C.JONES","D.HAYWARD",4,NA,"1_4_3:42",7308
1,1,4,"3:16","DC","SEA","C.JONES","E.ROGERS",-3,NA,"1_4_3:16",17487
1,1,4,"2:22","SEA","DC","B.SILVERS","A.PROEHL",4,NA,"1_4_2:22",17496
1,1,4,"2:00","SEA","DC","B.SILVERS","A.MOORE",5,"CORRECT","1_4_2:00",17521
1,1,4,"1:43","SEA","DC","B.SILVERS","A.PROEHL",5,NA,"1_4_1:43",7382
1,1,4,"1:39","SEA","DC","B.SILVERS","A.PROEHL",3,NA,"1_4_1:39",28452
1,1,4,"1:26","SEA","DC","B.SILVERS","K.REYNOLDS",15,NA,"1_4_1:26",7417
1,1,4,"1:21","SEA","DC","B.SILVERS","K.REYNOLDS",2,NA,"1_4_1:21",28495
1,1,4,"1:16","SEA","DC","D.DANIELS","C.JETER",10,NA,"1_4_1:16",7442
2,1,1,"14:19","HOU","LA","P.WALKER","K.LEWIS",0,NA,"2_1_14:19",17599
2,1,1,"13:44","HOU","LA","P.WALKER","C.PHILLIPS",36,NA,"2_1_13:44",7495
2,1,1,"13:32","LA","HOU","C.KANOFF","A.JENNINGS",13,NA,"2_1_13:32",7520
2,1,1,"13:10","LA","HOU","C.KANOFF","N.SPRUCE",6,NA,"2_1_13:10",17650
2,1,1,"12:01","LA","HOU","C.KANOFF","L.ROSE",-4,NA,"2_1_12:01",17667
2,1,1,"8:27","LA","HOU","C.KANOFF","N.SPRUCE",17,NA,"2_1_8:27",28505
2,1,1,"7:34","HOU","LA","P.WALKER","S.COATES",16,NA,"2_1_7:34",7611
2,1,1,"7:06","HOU","LA","P.WALKER","C.PHILLIPS",20,NA,"2_1_7:06",7616
2,1,1,"6:14","HOU","LA","P.WALKER","A.WILLIAMS",-2,NA,"2_1_6:14",17655
2,1,1,"5:38","HOU","LA","P.WALKER","C.PHILLIPS",5,NA,"2_1_5:38",28457
2,1,1,"4:39","HOU","LA","P.WALKER","K.LEWIS",0,NA,"2_1_4:39",23562
2,1,1,"4:10","HOU","LA","P.WALKER","S.COATES",22,NA,"2_1_4:10",7677
2,1,1,"3:25","LA","HOU","C.KANOFF","N.SPRUCE",6,NA,"2_1_3:25",23560
2,1,1,"3:05","LA","HOU","C.KANOFF","P.VAHE",-2,NA,"2_1_3:05",17659
2,1,1,"1:21","LA","HOU","C.KANOFF","S.BLACKNALL",10,NA,"2_1_1:21",28520
2,1,1,"0:46","HOU","LA","P.WALKER","N.HOLLEY",3,"CORRECT","2_1_0:46",17658
2,1,1,"0:16","HOU","LA","P.WALKER","N.HOLLEY",4,"MAYBE?","2_1_0:16",7742
2,1,2,"15:00","HOU","LA","P.WALKER","S.COATES",30,NA,"2_2_15:00",7749
2,1,2,"13:49","LA","HOU","C.KANOFF","N.SPRUCE",4,NA,"2_2_13:49",17649
2,1,2,"13:16","LA","HOU","C.KANOFF","L.ROSE",-5,NA,"2_2_13:16",28516
2,1,2,"13:01","HOU","LA","P.WALKER","J.BUTLER",-6,NA,"2_2_13:01",23563
2,1,2,"12:39","HOU","LA","P.WALKER","S.COATES",11,NA,"2_2_12:39",7806
2,1,2,"12:12","HOU","LA","P.WALKER","C.PHILLIPS",7,NA,"2_2_12:12",7815
2,1,2,"11:51","HOU","LA","P.WALKER","S.COATES",16,NA,"2_2_11:51",7838
2,1,2,"11:39","LA","HOU","C.KANOFF","N.SPRUCE",15,NA,"2_2_11:39",17688
2,1,2,"10:42","LA","HOU","C.KANOFF","N.SPRUCE",14,NA,"2_2_10:42",28504
2,1,2,"10:06","LA","HOU","C.KANOFF","L.WHITFIELD",4,NA,"2_2_10:06",23559
2,1,2,"9:46","LA","HOU","C.KANOFF","L.WHITFIELD",5,NA,"2_2_9:46",23566
2,1,2,"9:26","LA","HOU","C.KANOFF","J.SMALLWOOD",11,NA,"2_2_9:26",7885
2,1,2,"9:17","HOU","LA","P.WALKER","K.LEWIS",-3,NA,"2_2_9:17",23561
2,1,2,"8:47","HOU","LA","P.WALKER","S.COATES",19,NA,"2_2_8:47",28458
2,1,2,"8:03","HOU","LA","P.WALKER","K.LEWIS",-4,NA,"2_2_8:03",7923
2,1,2,"7:22","HOU","LA","P.WALKER","J.BUTLER",-4,NA,"2_2_7:22",28468
2,1,2,"4:27","LA","HOU","C.KANOFF","S.BLACKNALL",27,NA,"2_2_4:27",28517
2,1,2,"4:01","LA","HOU","C.KANOFF","J.SMALLWOOD",7,NA,"2_2_4:01",17677
2,1,2,"3:22","LA","HOU","C.KANOFF","N.SPRUCE",11,NA,"2_2_3:22",23558
2,1,2,"3:01","LA","HOU","C.KANOFF","J.SMALLWOOD",17,NA,"2_2_3:01",11218
2,1,2,"2:47","LA","HOU","C.KANOFF","L.WHITFIELD",17,NA,"2_2_2:47",17623
2,1,2,"1:35","LA","HOU","C.KANOFF","J.SMALLWOOD",16,NA,"2_2_1:35",11273
2,1,2,"1:16","HOU","LA","P.WALKER","S.MOBLEY",39,NA,"2_2_1:16",11254
2,1,2,"1:10","HOU","LA","P.WALKER","S.MOBLEY",39,NA,"2_2_1:10",28464
2,1,2,"0:56","LA","HOU","C.KANOFF","B.BARNES",25,NA,"2_2_0:56",17691
2,1,2,"0:42","LA","HOU","C.KANOFF","N.SPRUCE",9,NA,"2_2_0:42",11216
2,1,2,"0:40","LA","HOU","C.KANOFF","A.JENNINGS",18,NA,"2_2_0:40",11292
2,1,2,"0:37","LA","HOU","C.KANOFF","N.SPRUCE",6,NA,"2_2_0:37",17681
2,1,3,"13:52","LA","HOU","C.KANOFF","J.SMALLWOOD",19,NA,"2_3_13:52",11279
2,1,3,"10:54","HOU","LA","P.WALKER","C.PHILLIPS",29,NA,"2_3_10:54",11229
2,1,3,"10:24","HOU","LA","P.WALKER","N.HOLLEY",27,"CORRECT","2_3_10:24",28463
2,1,3,"9:04","HOU","LA","P.WALKER","K.LEWIS",3,NA,"2_3_9:04",28466
2,1,3,"9:00","HOU","LA","P.WALKER","N.HOLLEY",5,"2PT","2_3_9:00",11228
2,1,3,"8:22","LA","HOU","C.KANOFF","N.SPRUCE",11,NA,"2_3_8:22",28510
2,1,3,"7:48","LA","HOU","C.KANOFF","A.JENNINGS",5,NA,"2_3_7:48",17629
2,1,3,"7:02","LA","HOU","C.KANOFF","N.SPRUCE",17,NA,"2_3_7:02",11267
2,1,3,"6:26","LA","HOU","C.KANOFF","D.HARRIS",-1,NA,"2_3_6:26",11211
2,1,3,"5:58","LA","HOU","C.KANOFF","B.BARNES",4,NA,"2_3_5:58",17613
2,1,3,"5:10","LA","HOU","C.KANOFF","J.SMALLWOOD",9,NA,"2_3_5:10",17632
2,1,3,"4:18","LA","HOU","C.KANOFF","S.BLACKNALL",18,NA,"2_3_4:18",11249
2,1,3,"3:47","LA","HOU","C.KANOFF","S.BLACKNALL",14,NA,"2_3_3:47",11251
2,1,3,"3:37","LA","HOU","C.KANOFF","J.SMALLWOOD",21,NA,"2_3_3:37",28513
2,1,3,"2:18","HOU","LA","P.WALKER","N.HOLLEY",4,"CORRECT","2_3_2:18",17635
2,1,3,"1:46","HOU","LA","P.WALKER","R.MALONE",-3,NA,"2_3_1:46",28454
2,1,3,"1:05","HOU","LA","P.WALKER","C.PHILLIPS",11,NA,"2_3_1:05",28459
2,1,3,"0:50","HOU","LA","P.WALKER","S.COATES",8,NA,"2_3_0:50",11261
2,1,3,"0:21","HOU","LA","P.WALKER","S.COATES",-2,NA,"2_3_0:21",17601
2,1,4,"15:00","HOU","LA","P.WALKER","C.PHILLIPS",18,NA,"2_4_15:00",11225
2,1,4,"13:03","LA","HOU","J.MCCLENDON","B.BARNES",2,NA,"2_4_13:03",NA
2,1,4,"12:54","LA","HOU","J.MCCLENDON","J.GREENE",14,NA,"2_4_12:54",NA
2,1,4,"12:39","HOU","LA","P.WALKER","R.MALONE",-1,NA,"2_4_12:39",NA
2,1,4,"12:08","HOU","LA","P.WALKER","R.MALONE",-1,NA,"2_4_12:08",28469
2,1,4,"11:38","HOU","LA","P.WALKER","S.COATES",26,NA,"2_4_11:38",28514
2,1,4,"10:42","HOU","LA","P.WALKER","K.LEWIS",15,NA,"2_4_10:42",28461
2,1,4,"7:06","HOU","LA","P.WALKER","R.MALONE",-3,NA,"2_4_7:06",17605
2,1,4,"5:36","LA","HOU","C.KANOFF","B.BARNES",5,NA,"2_4_5:36",11217
2,1,4,"5:21","LA","HOU","C.KANOFF","N.SPRUCE",10,NA,"2_4_5:21",11214
2,1,4,"4:55","HOU","LA","P.WALKER","C.PHILLIPS",-4,NA,"2_4_4:55",17643
2,1,4,"4:15","HOU","LA","P.WALKER","N.HOLLEY",8,"CORRECT","2_4_4:15",NA
2,1,4,"4:09","HOU","LA","P.WALKER","R.MALONE",12,NA,"2_4_4:09",23554
2,1,4,"3:59","LA","HOU","C.KANOFF","N.SPRUCE",3,NA,"2_4_3:59",17679
2,1,4,"3:37","LA","HOU","C.KANOFF","N.SPRUCE",11,NA,"2_4_3:37",11207
2,1,4,"3:29","LA","HOU","C.KANOFF","J.GREENE",6,NA,"2_4_3:29",11242
2,1,4,"2:16","LA","HOU","C.KANOFF","N/A",0,NA,"2_4_2:16",17616
2,1,4,"2:00","LA","HOU","J.MCCLENDON","N.SPRUCE",3,NA,"2_4_2:00",17606
2,1,4,"1:33","LA","HOU","J.MCCLENDON","J.GREENE",13,NA,"2_4_1:33",11293
3,1,1,"14:52","NY","TB","M.MCGLOIN","J.POWELL",4,NA,"3_1_14:52",17724
3,1,1,"14:16","NY","TB","M.MCGLOIN","T.COOK",-1,NA,"3_1_14:16",17731
3,1,1,"12:49","NY","TB","M.MCGLOIN","J.POWELL",13,NA,"3_1_12:49",17719
3,1,1,"11:20","NY","TB","M.MCGLOIN","J.HORN",20,NA,"3_1_11:20",28528
3,1,1,"10:52","NY","TB","M.MCGLOIN","J.HORN",20,NA,"3_1_10:52",23584
3,1,1,"10:01","NY","TB","M.MCGLOIN",NA,NA,NA,"3_1_10:01",8835
3,1,1,"09:10","TB","NY","A.MURRAY","N.TRUESDELL",7,NA,"3_1_9:10",23577
3,1,1,"07:13","TB","NY","A.MURRAY","D.WILLIAMS",14,NA,"3_1_7:13",17745
3,1,1,"07:02","TB","NY","A.MURRAY","J.TOLLIVER",-4,NA,"3_1_7:02",17740
3,1,1,"06:27","TB","NY","A.MURRAY","C.THOMPSON",0,NA,"3_1_6:27",8901
3,1,1,"05:54","TB","NY","A.MURRAY","R.HORN",13,NA,"3_1_5:54",17766
3,1,1,"05:13","TB","NY","A.MURRAY","N.TRUESDELL",6,NA,"3_1_5:13",23591
3,1,1,"05:01","NY","TB","M.MCGLOIN","C.PEARSON",37,NA,"3_1_5:01",8929
3,1,1,"03:57","NY","TB","M.MCGLOIN",NA,0,"Actually incomplete on the PBP","3_1_3:57",17763
3,1,1,"02:49","NY","TB","M.MCGLOIN","T.REDDING",24,NA,"3_1_2:49",8955
3,1,1,"01:14","TB","NY","A.MURRAY","N.TRUESDELL",6,NA,"3_1_1:14",17738
3,1,1,"00:59","TB","NY","A.MURRAY",NA,0,"Actually N.Truesdell on the PBP","3_1_0:59",17773
3,1,1,"00:59","TB","NY","A.MURRAY",NA,NA,NA,"3_1_0:59",17773
3,1,1,"00:25","TB","NY","A.MURRAY","D.WILLIAMS",14,NA,"3_1_0:25",9023
3,1,2,"14:50","NY","TB","M.MCGLOIN","M.MCKAY",16,NA,"3_2_14:50",9038
3,1,2,"14:28","NY","TB","M.MCGLOIN","M.MCKAY",40,NA,"3_2_14:28",17720
3,1,2,"13:38","NY","TB","M.MCGLOIN","C.PEARSON",12,NA,"3_2_13:38",9052
3,1,2,"13:23","TB","NY","A.MURRAY","J.TOLLIVER",21,NA,"3_2_13:23",23585
3,1,2,"12:50","TB","NY","A.MURRAY","J.PATRICK",9,NA,"3_2_12:50",9080
3,1,2,"12:20","TB","NY","A.MURRAY","J.PATRICK",-6,NA,"3_2_12:20",17701
3,1,2,"11:42","TB","NY","A.MURRAY","N.TRUESDELL",2,NA,"3_2_11:42",9092
3,1,2,"10:37","NY","TB","M.MCGLOIN","J.POWELL",0,NA,"3_2_10:37",17744
3,1,2,"09:58","NY","TB","M.MCGLOIN","J.HORN",2,NA,"3_2_9:58",9118
3,1,2,"08:52","TB","NY","A.MURRAY","D.WILLIAMS",-1,NA,"3_2_8:52",23582
3,1,2,"08:04","TB","NY","A.MURRAY","D.WILLIAMS",4,NA,"3_2_8:04",17703
3,1,2,"06:54","TB","NY","A.MURRAY","R.HORN",11,NA,"3_2_6:54",17697
3,1,2,"06:18","TB","NY","A.MURRAY","J.TOLLIVER",32,NA,"3_2_6:18",9164
3,1,2,"05:47","TB","NY","A.MURRAY","D.WILLIAMS",5,NA,"3_2_5:47",9171
3,1,2,"05:18","TB","NY","A.MURRAY","D.WILLIAMS",11,NA,"3_2_5:18",28522
3,1,2,"04:37","NY","TB","M.MCGLOIN","D.VICTOR",3,NA,"3_2_4:37",17752
3,1,2,"04:04","NY","TB","M.MCGLOIN","M.MCKAY",4,NA,"3_2_4:04",17759
3,1,2,"03:15","NY","TB","M.MCGLOIN","J.POWELL",3,NA,"3_2_3:15",9208
3,1,2,"02:44","NY","TB","M.MCGLOIN",NA,NA,NA,"3_2_2:44",9217
3,1,2,"02:25","NY","TB","M.MCGLOIN","J.POWELL",1,NA,"3_2_2:25",23580
3,1,2,"02:00","NY","TB","M.MCGLOIN","J.HORN",2,NA,"3_2_2:00",9240
3,1,2,"01:56","NY","TB","M.MCGLOIN","J.HORN",19,NA,"3_2_1:56",9246
3,1,2,"01:50","NY","TB","M.MCGLOIN",NA,NA,NA,"3_2_1:50",28532
3,1,2,"01:37","TB","NY","A.MURRAY","J.TOLLIVER",11,NA,"3_2_1:37",9264
3,1,2,"01:31","TB","NY","A.MURRAY","N.TRUESDELL",20,NA,"3_2_1:31",28474
3,1,2,"01:17","TB","NY","A.MURRAY","R.HORN",2,NA,"3_2_1:17",9277
3,1,2,"01:11","TB","NY","A.MURRAY",NA,NA,NA,"3_2_1:11",17764
3,1,2,"01:06","TB","NY","A.MURRAY",NA,NA,NA,"3_2_1:06",17757
3,1,2,"00:54","TB","NY","A.MURRAY","R.HORN",9,NA,"3_2_0:54",28476
3,1,2,"00:41","TB","NY","A.MURRAY","J.TOLLIVER",17,NA,"3_2_0:41",23593
3,1,2,"00:31","NY","TB","M.MCGLOIN","D.VICTOR",3,NA,"3_2_0:31",17695
3,1,2,"00:20","NY","TB","M.MCGLOIN","C.PEARSON",28,NA,"3_2_0:20",17729
3,1,3,"13:14","TB","NY","Q.FLOWERS",NA,NA,NA,"3_3_13:14",28535
3,1,3,"12:54","TB","NY","A.MURRAY",NA,NA,NA,"3_3_12:54",17702
3,1,3,"11:31","NY","TB","M.MCGLOIN","J.HORN",4,NA,"3_3_11:31",17716
3,1,3,"10:36","NY","TB","M.MCGLOIN","J.POWELL",5,NA,"3_3_10:36",9420
3,1,3,"10:17","NY","TB","M.MCGLOIN","M.MCKAY",4,NA,"3_3_10:17",17751
3,1,3,"08:42","TB","NY","A.MURRAY","D.WILLIAMS",-1,NA,"3_3_8:42",17707
3,1,3,"06:57","TB","NY","A.MURRAY","J.TOLLIVER",0,NA,"3_3_6:57",17749
3,1,3,"01:57","TB","NY","A.MURRAY","J.TOLLIVER",5,NA,"3_3_1:57",9543
3,1,3,"01:27","TB","NY","A.MURRAY","J.TOLLIVER",5,NA,"3_3_1:27",9549
3,1,3,"00:22","NY","TB","M.MCGLOIN","J.HORN",5,NA,"3_3_0:22",9573
3,1,4,"15:00","NY","TB","M.MCGLOIN","D.VICTOR",-5,NA,"3_4_15:00",17723
3,1,4,"14:23","NY","TB","M.MCGLOIN",NA,NA,NA,"3_4_14:23",9612
3,1,4,"13:23","NY","TB","M.MCGLOIN","C.PEARSON",39,NA,"3_4_13:23",9600
3,1,4,"12:49","NY","TB","M.MCGLOIN","J.HORN",13,NA,"3_4_12:49",9607
3,1,4,"12:09","TB","NY","A.MURRAY","N.TRUESDELL",10,NA,"3_4_12:09",23583
3,1,4,"11:18","TB","NY","A.MURRAY","J.PATRICK",4,NA,"3_4_11:18",9657
3,1,4,"10:51","TB","NY","A.MURRAY","D.SMITH",2,NA,"3_4_10:51",17727
3,1,4,"10:13","TB","NY","A.MURRAY","D.WILLIAMS",18,NA,"3_4_10:13",28482
3,1,4,"07:16","TB","NY","A.MURRAY",NA,NA,NA,"3_4_7:16",28534
3,1,4,"06:33","TB","NY","A.MURRAY","R.HORN",5,NA,"3_4_6:33",9709
3,1,4,"02:00","TB","NY","Q.FLOWERS","D.WILLIAMS",33,NA,"3_4_2:00",28471
3,1,4,"01:37","TB","NY","Q.FLOWERS",NA,NA,NA,"3_4_1:37",NA
3,1,4,"01:19","TB","NY","Q.FLOWERS",NA,NA,NA,"3_4_1:19",28536
4,1,1,"15:00","DAL","STL","P.NELSON","J.BADET",4,"CORRECT","4_1_15:00",9835
4,1,1,"14:38","DAL","STL","P.NELSON","F.NAGEL",4,NA,"4_1_14:38",23621
4,1,1,"14:11","DAL","STL","P.NELSON","L.DUNBAR",-3,NA,"4_1_14:11",17834
4,1,1,"13:41","DAL","STL","P.NELSON","L.DUNBAR",-2,NA,"4_1_13:41",23620
4,1,1,"13:17","DAL","STL","P.NELSON","J.BADET",3,"CORRECT","4_1_13:17",23622
4,1,1,"12:22","DAL","STL","P.NELSON","J.BADET",-6,"CORRECT","4_1_12:22",23623
4,1,1,"12:01","DAL","STL","P.NELSON","M.YOUNG",-1,NA,"4_1_12:01",17880
4,1,1,"9:34","STL","DAL","J.TA'AMU","B.REILLY",10,NA,"4_1_9:34",17852
4,1,1,"7:54","STL","DAL","J.TA'AMU","C.MICHAEL",-5,NA,"4_1_7:54",17879
4,1,1,"6:30","DAL","STL","P.NELSON","S.PRICE",5,NA,"4_1_6:30",17830
4,1,1,"4:41","STL","DAL","J.TA'AMU","M.JONES",5,NA,"4_1_4:41",10013
4,1,1,"4:11","STL","DAL","J.TA'AMU","L.WASHINGTON",26,"penalty not in the pbp","4_1_4:11",10021
4,1,1,"3:15","STL","DAL","J.TA'AMU","A.RUSSELL",27,NA,"4_1_3:15",23629
4,1,1,"2:26","STL","DAL","J.TA'AMU","A.RUSSELL",8,NA,"4_1_2:26",10048
4,1,1,"1:33","STL","DAL","J.TA'AMU","L.WASHINGTON",-1,NA,"4_1_1:33",17781
4,1,1,"0:18","DAL","STL","P.NELSON","F.NAGEL",1,NA,"4_1_0:18",NA
4,1,1,"0:01","DAL","STL","P.NELSON","D.PARHAM",7,NA,"4_1_0:01",17862
4,1,2,"15:00","DAL","STL","P.NELSON","D.PARHAM",5,NA,"4_2_15:00",10192
4,1,2,"14:43","DAL","STL","P.NELSON","C.ARTIS-PAYNE",-5,NA,"4_2_14:43",17807
4,1,2,"14:09","DAL","STL","P.NELSON","F.MARTINO",10,NA,"4_2_14:09",17883
4,1,2,"13:25","DAL","STL","P.NELSON","C.ARTIS-PAYNE",1,NA,"4_2_13:25",17885
4,1,2,"12:46","DAL","STL","P.NELSON","C.ARTIS-PAYNE",-3,NA,"4_2_12:46",17882
4,1,2,"11:48","DAL","STL","P.NELSON","J.FERGUSON",8,NA,"4_2_11:48",17833
4,1,2,"11:14","DAL","STL","P.NELSON","M.YOUNG",-6,NA,"4_2_11:14",17801
4,1,2,"10:06","DAL","STL","P.NELSON","S.PRICE",5,NA,"4_2_10:06",10191
4,1,2,"7:51","STL","DAL","J.TA'AMU","A.RUSSELL",18,NA,"4_2_7:51",10489
4,1,2,"6:57","STL","DAL","J.TA'AMU","N/A",0,NA,"4_2_6:57",17856
4,1,2,"6:28","STL","DAL","J.TA'AMU","K.MUMPHERY",12,NA,"4_2_6:28",23617
4,1,2,"5:44","DAL","STL","P.NELSON","L.DUNBAR",-5,NA,"4_2_5:44",23631
4,1,2,"3:56","STL","DAL","J.TA'AMU","D.PIERSON-EL",-4,NA,"4_2_3:56",17802
4,1,2,"2:00","STL","DAL","J.TA'AMU","C.HUNT",29,NA,"4_2_2:00",10368
4,1,2,"1:55","STL","DAL","J.TA'AMU","M.LUCAS",5,NA,"4_2_1:55",23619
4,1,2,"1:38","STL","DAL","J.TA'AMU","L.WASHINGTON",-2,NA,"4_2_1:38",17827
4,1,2,"1:20","DAL","STL","P.NELSON","F.NAGEL",1,NA,"4_2_1:20",10495
4,1,2,"1:14","DAL","STL","P.NELSON","D.PARHAM",3,NA,"4_2_1:14",17839
4,1,2,"0:54","DAL","STL","P.NELSON","D.PARHAM",4,NA,"4_2_0:54",23630
4,1,2,"0:50","DAL","STL","P.NELSON","D.PARHAM",9,NA,"4_2_0:50",17826
4,1,2,"0:39","DAL","STL","P.NELSON","C.ARTIS-PAYNE",-5,NA,"4_2_0:39",17855
4,1,2,"0:20","DAL","STL","P.NELSON","F.NAGEL",6,NA,"4_2_0:20",17886
4,1,2,"0:14","DAL","STL","P.NELSON","J.FERGUSON",2,NA,"4_2_0:14",17866
4,1,3,"14:26","STL","DAL","J.TA'AMU","M.LUCAS",4,NA,"4_3_14:26",23614
4,1,3,"9:42","DAL","STL","P.NELSON","F.NAGEL",2,NA,"4_3_9:42",17782
4,1,3,"9:04","DAL","STL","P.NELSON","S.PRICE",17,NA,"4_3_9:04",17870
4,1,3,"8:28","DAL","STL","P.NELSON","S.PRICE",5,NA,"4_3_8:28",10626
4,1,3,"7:51","DAL","STL","P.NELSON","L.DUNBAR",-4,NA,"4_3_7:51",17876
4,1,3,"5:45","STL","DAL","J.TA'AMU","W.SAXTON",-1,NA,"4_3_5:45",23626
4,1,3,"5:24","STL","DAL","J.TA'AMU","M.LUCAS",-8,NA,"4_3_5:24",17874
4,1,3,"4:55","STL","DAL","J.TA'AMU","M.LUCAS",3,NA,"4_3_4:55",10692
4,1,3,"4:18","DAL","STL","P.NELSON","M.YOUNG",-5,NA,"4_3_4:18",17854
4,1,3,"3:35","DAL","STL","P.NELSON","M.YOUNG",-1,NA,"4_3_3:35",17786
4,1,3,"2:02","STL","DAL","J.TA'AMU","M.LUCAS",5,NA,"4_3_2:02",23627
4,1,3,"1:14","STL","DAL","J.TA'AMU","A.RUSSELL",12,NA,"4_3_1:14",17794
4,1,3,"0:54","STL","DAL","J.TA'AMU","D.PIERSON-EL",-4,NA,"4_3_0:54",23625
4,1,4,"14:27","STL","DAL","J.TA'AMU","L.WASHINGTON",-2,NA,"4_4_14:27",23616
4,1,4,"13:27","STL","DAL","J.TA'AMU","A.RUSSELL",9,NA,"4_4_13:27",10821
4,1,4,"13:14","DAL","STL","P.NELSON","A.WALTER",-1,NA,"4_4_13:14",17825
4,1,4,"12:45","DAL","STL","P.NELSON","L.DUNBAR",-4,NA,"4_4_12:45",23609
4,1,4,"12:12","DAL","STL","P.NELSON","J.HEARD",31,NA,"4_4_12:12",10856
4,1,4,"11:27","DAL","STL","P.NELSON","L.DUNBAR",-4,NA,"4_4_11:27",17812
4,1,4,"10:24","DAL","STL","P.NELSON","J.FERGUSON",27,NA,"4_4_10:24",10883
4,1,4,"9:10","STL","DAL","J.TA'AMU","L.WASHINGTON",-1,NA,"4_4_9:10",23608
4,1,4,"8:48","STL","DAL","J.TA'AMU","D.PIERSON-EL",8,NA,"4_4_8:48",23610
4,1,4,"6:31","STL","DAL","J.TA'AMU","D.PIERSON-EL",-4,NA,"4_4_6:31",23613
4,1,4,"5:16","DAL","STL","P.NELSON","D.PARHAM",3,NA,"4_4_5:16",10974
4,1,4,"5:07","DAL","STL","P.NELSON","F.NAGEL",-4,NA,"4_4_5:07",23612
4,1,4,"4:22","DAL","STL","P.NELSON","J.HEARD",29,NA,"4_4_4:22",10989
4,1,4,"2:40","STL","DAL","J.TA'AMU","M.LUCAS",12,NA,"4_4_2:40",17810
4,1,4,"0:33","DAL","STL","P.NELSON","J.BADET",0,NA,"4_4_0:33",23611
4,1,4,"0:28","DAL","STL","P.NELSON","J.HEARD",9,NA,"4_4_0:28",17815
4,1,4,"0:23","DAL","STL","P.NELSON","J.HEARD",25,NA,"4_4_0:23",23606
5,2,1,"14:54","NY","DC","M.MCGLOIN","J.POWELL",0,NA,"5_1_14:54",18032
5,2,1,"14:18","NY","DC","M.MCGLOIN","T.COOK",3,NA,"5_1_14:18",11331
5,2,1,"13:48","NY","DC","M.MCGLOIN","J.HORN",12,NA,"5_1_13:48",11337
5,2,1,"13:13","DC","NY","C.JONES","E.ROGERS",20,NA,"5_1_13:13",18027
5,2,1,"10:20","DC","NY","C.JONES","E.ROGERS",-2,NA,"5_1_10:20",23655
5,2,1,"8:53","DC","NY","C.JONES","E.ROGERS",17,NA,"5_1_8:53",28557
5,2,1,"7:40","DC","NY","C.JONES","N/A",13,NA,"5_1_7:40",18060
5,2,1,"7:09","DC","NY","C.JONES","D.THOMPKINS",13,NA,"5_1_7:09",11426
5,2,1,"5:39","NY","DC","M.MCGLOIN","M.MCKAY",5,NA,"5_1_5:39",18020
5,2,1,"4:26","NY","DC","M.MCGLOIN","J.HORN",28,NA,"5_1_4:26",11472
5,2,1,"2:19","DC","NY","C.JONES","J.PRESSLEY",0,NA,"5_1_2:19",18041
5,2,1,"1:35","DC","NY","C.JONES","M.DUPRE",12,NA,"5_1_1:35",23652
5,2,2,"15:00","DC","NY","C.JONES","D.THOMPKINS",3,NA,"5_2_15:00",11834
5,2,2,"14:29","DC","NY","C.JONES","D.PUMPHREY",1,NA,"5_2_14:29",NA
5,2,2,"13:56","DC","NY","C.JONES","D.THOMPKIN",5,NA,"5_2_13:56",NA
5,2,2,"13:11","DC","NY","C.JONES","D.THOMPKINS",10,NA,"5_2_13:11",11578
5,2,2,"11:37","DC","NY","C.JONES","J.PRESSLEY",2,NA,"5_2_11:37",23653
5,2,2,"11:09","NY","DC","M.MCGLOIN","M.MCKAY",26,NA,"5_2_11:09",11615
5,2,2,"10:38","NY","DC","M.MCGLOIN","M.MCKAY",7,NA,"5_2_10:38",18064
5,2,2,"9:57","NY","DC","M.MCGLOIN","M.COLBURN",29,NA,"5_2_9:57",23636
5,2,2,"9:43","DC","NY","C.JONES","E.ROGERS",23,NA,"5_2_9:43",11640
5,2,2,"8:36","DC","NY","C.JONES","D.THOMPKINS",25,NA,"5_2_8:36",11652
5,2,2,"7:36","NY","DC","M.MCGLOIN","A.DUKE",31,NA,"5_2_7:36",11667
5,2,2,"5:48","NY","DC","M.MCGLOIN","M.COLBURN",2,NA,"5_2_5:48",NA
5,2,2,"5:16","NY","DC","M.MCGLOIN","N/A",-1,NA,"5_2_5:16",18051
5,2,2,"3:30","DC","NY","C.JONES","N.BROSSETTE",25,NA,"5_2_3:30",11730
5,2,2,"2:00","NY","DC","M.MCGLOIN","M.COLBURN",1,NA,"5_2_2:00",28567
5,2,2,"1:46","NY","DC","M.MCGLOIN","M.COLBURN",-3,NA,"5_2_1:46",18068
5,2,2,"1:15","DC","NY","C.JONES","R.ROSS",33,NA,"5_2_1:15",18029
5,2,2,"0:49","DC","NY","C.JONES","D.THOMPKINS",3,NA,"5_2_0:49",23647
5,2,2,"0:39","DC","NY","C.JONES","D.PUMPHREY",13,"off pbp has N/A","5_2_0:39",17999
5,2,2,"0:34","DC","NY","C.JONES","D.PUMPHREY",1,NA,"5_2_0:34",11803
5,2,2,"0:21","NY","DC","M.MCGLOIN","T.COOK",3,NA,"5_2_0:21",17984
5,2,3,"14:55","DC","NY","C.JONES","N/A",7,NA,"5_3_14:55",18067
5,2,3,"14:04","DC","NY","C.JONES","D.PUMPHREY",1,NA,"5_3_14:04",23646
5,2,3,"13:38","DC","NY","C.JONES","E.ROGERS",33,NA,"5_3_13:38",11873
5,2,3,"13:13","DC","NY","C.JONES","E.ROGERS",-3,NA,"5_3_13:13",18001
5,2,3,"12:32","DC","NY","C.JONES","K.LEE",-1,NA,"5_3_12:32",23640
5,2,3,"10:09","NY","DC","M.MCGLOIN","C.PEARSON",2,NA,"5_3_10:09",NA
5,2,3,"9:14","NY","DC","M.MCGLOIN","M.MCKAY",41,NA,"5_3_9:14",NA
5,2,3,"8:42","NY","DC","M.MCGLOIN","J.HORN",7,NA,"5_3_8:42",18014
5,2,3,"3:35","DC","NY","C.JONES","E.ROGERS",-3,NA,"5_3_3:35",18005
5,2,3,"2:21","DC","NY","C.JONES","M.DUPRE",12,NA,"5_3_2:21",23638
5,2,3,"1:38","NY","DC","M.MCGLOIN","T.COOK",-3,NA,"5_3_1:38",18033
5,2,3,"0:37","NY","DC","M.MCGLOIN","C.PEARSON",5,NA,"5_3_0:37",18002
5,2,4,"14:46","DC","NY","C.JONES","D.PUMPHREY",-5,"first pass","5_4_14:46",18034
5,2,4,"14:46","DC","NY","C.JONES","D.THOMPKINS",17,"second pass","5_4_14:46",18034
5,2,4,"14:07","DC","NY","C.JONES","R.ROSS",42,NA,"5_4_14:07",NA
5,2,4,"12:55","DC","NY","C.JONES","D.THOMPKINS",14,NA,"5_4_12:55",NA
5,2,4,"12:10","DC","NY","C.JONES","D.PUMPHREY",0,NA,"5_4_12:10",12362
5,2,4,"11:40","DC","NY","C.JONES","R.ROSS",16,NA,"5_4_11:40",17985
5,2,4,"11:05","DC","NY","C.JONES","D.THOMPKINS",7,NA,"5_4_11:05",23654
5,2,4,"10:05","DC","NY","C.JONES","D.PUMPHREY",0,NA,"5_4_10:05",NA
5,2,4,"8:22","DC","NY","C.JONES","R.ROSS",-1,NA,"5_4_8:22",NA
5,2,4,"7:40","DC","NY","C.JONES","E.ROGERS",9,NA,"5_4_7:40",12345
5,2,4,"6:11","NY","DC","M.WILLIAMS","C.PEARSON",36,NA,"5_4_6:11",12418
5,2,4,"5:50","NY","DC","M.WILLIAMS","M.MCKAY",6,NA,"5_4_5:50",18053
5,2,4,"5:20","NY","DC","M.WILLIAMS","E.BIBBS",2,NA,"5_4_5:20",17994
5,2,4,"4:36","NY","DC","M.WILLIAMS","C.PEARSON",5,NA,"5_4_4:36",12464
5,2,4,"3:29","NY","DC","M.WILLIAMS","M.MCKAY",34,NA,"5_4_3:29",NA
5,2,4,"2:02","DC","NY","C.JONES","R.ROSS",32,NA,"5_4_2:02",NA
5,2,4,"1:30","DC","NY","C.JONES","D.HAYWARD",6,NA,"5_4_1:30",NA
5,2,4,"0:37","NY","DC","M.WILLIAMS","T.REDDING",12,NA,"5_4_0:37",17995
5,2,4,"0:10","NY","DC","M.WILLIAMS","E.BIBBS",6,NA,"5_4_0:10",18007
5,2,4,"0:02","NY","DC","M.WILLIAMS","M.MCKAY",42,NA,"5_4_0:02",12679
6,2,1,"14:56","TB","SEA","T.CORNELIUS","R.HORN",12,NA,"6_1_14:56",12713
6,2,1,"13:50","TB","SEA","T.CORNELIUS","N.TRUESDELL",19,NA,"6_1_13:50",12724
6,2,1,"12:40","SEA","TB","B.SILVERS","K.REYNOLDS",6,NA,"6_1_12:40",17943
6,2,1,"10:05","TB","SEA","T.CORNELIUS","D.SMITH",4,NA,"6_1_10:05",12785
6,2,1,"9:19","TB","SEA","T.CORNELIUS","D.WILLIAMS",6,NA,"6_1_9:19",NA
6,2,1,"8:44","TB","SEA","T.CORNELIUS","J.TOLLIVER",31,NA,"6_1_8:44",28572
6,2,1,"8:25","SEA","TB","B.SILVERS","A.PROEHL",13,NA,"6_1_8:25",12815
6,2,1,"8:00","SEA","TB","B.SILVERS","D.BYRD",24,NA,"6_1_8:00",NA
6,2,1,"7:29","SEA","TB","B.SILVERS","K.REYNOLDS",21,NA,"6_1_7:29",12828
6,2,1,"6:23","TB","SEA","Q.FLOWERS","J.TOLLIVER",-3,NA,"6_1_6:23",17948
6,2,1,"5:00","TB","SEA","Q.FLOWERS","J.TOLLIVER",-3,NA,"6_1_5:00",NA
6,2,1,"3:51","TB","SEA","Q.FLOWERS","S.JONES",9,NA,"6_1_3:51",NA
6,2,1,"1:54","TB","SEA","Q.FLOWERS","R.HORN",4,NA,"6_1_1:54",12912
6,2,1,"0:09","SEA","TB","B.SILVERS","K.REYNOLDS",8,NA,"6_1_0:09",28590
6,2,2,"14:21","TB","SEA","T.CORNELIUS","R.HORN",-3,NA,"6_2_14:21",17939
6,2,2,"12:53","SEA","TB","B.SILVERS","K.REYNOLDS",7,NA,"6_2_12:53",28589
6,2,2,"10:50","SEA","TB","B.SILVERS","A.PROEHL",-3,NA,"6_2_10:50",NA
6,2,2,"10:15","SEA","TB","B.SILVERS","K.REYNOLDS",8,NA,"6_2_10:15",17982
6,2,2,"9:42","SEA","TB","B.SILVERS","B.JOHNSON",-3,NA,"6_2_9:42",NA
6,2,2,"8:04","SEA","TB","B.SILVERS","K.REYNOLDS",14,NA,"6_2_8:04",13051
6,2,2,"5:56","TB","SEA","T.CORNELIUS","R.HORN",9,NA,"6_2_5:56",17941
6,2,2,"5:19","TB","SEA","T.CORNELIUS","N.TRUESDELL",-4,NA,"6_2_5:19",NA
6,2,2,"3:21","TB","SEA","T.CORNELIUS","N.TRUESDELL",-4,NA,"6_2_3:21",17954
6,2,2,"1:24","SEA","TB","B.SILVERS","T.WILLIAMS",-5,NA,"6_2_1:24",13160
6,2,2,"1:02","SEA","TB","B.SILVERS","K.REYNOLDS",38,NA,"6_2_1:02",NA
6,2,3,"14:03","SEA","TB","B.SILVERS","C.HAMLETT",5,NA,"6_3_14:03",NA
6,2,3,"12:49","SEA","TB","B.SILVERS","K.REYNOLDS",22,NA,"6_3_12:49",13249
6,2,3,"12:20","SEA","TB","B.SILVERS","C.HAMLETT",2,NA,"6_3_12:20",NA
6,2,3,"11:26","SEA","TB","B.SILVERS","K.REYNOLDS",33,NA,"6_3_11:26",13294
6,2,3,"9:55","TB","SEA","Q.FLOWERS","T.MCEVOY",5,NA,"6_3_9:55",13352
6,2,3,"8:15","SEA","TB","B.SILVERS","D.BYRD",40,NA,"6_3_8:15",NA
6,2,3,"6:15","TB","SEA","Q.FLOWERS","D.WILLIAMS",17,NA,"6_3_6:15",13413
6,2,3,"5:32","TB","SEA","Q.FLOWERS","D.SMITH",-10,NA,"6_3_5:32",NA
6,2,3,"4:56","TB","SEA","T.CORNELIUS","N.TRUESDELL",3,NA,"6_3_4:56",NA
6,2,3,"3:57","TB","SEA","T.CORNELIUS","J.PATRICK",-2,NA,"6_3_3:57",23661
6,2,3,"2:23","TB","SEA","T.CORNELIUS","D.WILLIAMS",2,NA,"6_3_2:23",NA
6,2,3,"0:16","TB","SEA","T.CORNELIUS","R.HORN",3,NA,"6_3_0:16",NA
6,2,4,"13:03","TB","SEA","T.CORNELIUS","J.PATRICK",2,NA,"6_4_13:03",13600
6,2,4,"7:15","SEA","TB","B.SILVERS","A.PROEHL",10,NA,"6_4_7:15",NA
6,2,4,"6:55","TB","SEA","T.CORNELIUS","S.JONES",39,NA,"6_4_6:55",13662
6,2,4,"6:26","TB","SEA","T.CORNELIUS","T.MCEVOY",7,NA,"6_4_6:26",NA
6,2,4,"5:48","TB","SEA","T.CORNELIUS","S.JONES",29,NA,"6_4_5:48",NA
6,2,4,"5:20","TB","SEA","T.CORNELIUS","N.TRUESDELL",1,NA,"6_4_5:20",17917
6,2,4,"3:27","TB","SEA","T.CORNELIUS","S.JONES",7,NA,"6_4_3:27",28593
6,2,4,"3:00","TB","SEA","T.CORNELIUS","S.JONES",15,NA,"6_4_3:00",13715
6,2,4,"0:54","TB","SEA","T.CORNELIUS","J.TOLLIVER",14,NA,"6_4_0:54",NA
6,2,4,"0:40","TB","SEA","T.CORNELIUS","R.HORN",2,NA,"6_4_0:40",23663
6,2,4,"0:34","TB","SEA","T.CORNELIUS","D.GOOLSBY",9,NA,"6_4_0:34",28585
6,2,4,"0:27","TB","SEA","T.CORNELIUS","D.SMITH",2,NA,"6_4_0:27",17930
6,2,4,"0:19","TB","SEA","T.CORNELIUS","R.HORN",19,NA,"6_4_0:19",NA
6,2,4,"0:09","TB","SEA","T.CORNELIUS","R.HORN",28,NA,"6_4_0:09",NA
7,2,1,"15:00","DAL","LA","L.JONES","J.BADET",11,NA,"7_1_15:00",13898
7,2,1,"14:40","DAL","LA","L.JONES","D.PARHAM",4,NA,"7_1_14:40",NA
7,2,1,"14:14","DAL","LA","L.JONES","F.NAGEL",3,NA,"7_1_14:14",NA
7,2,1,"13:37","DAL","LA","L.JONES","F.MARTINO",20,NA,"7_1_13:37",NA
7,2,1,"11:54","LA","DAL","J.JOHNSON","K.WHITFIELD",6,NA,"7_1_11:54",NA
7,2,1,"9:56","LA","DAL","J.JOHNSON","N.SPRUCE",14,NA,"7_1_9:56",NA
7,2,1,"9:17","LA","DAL","J.JOHNSON","A.JENNINGS",-4,"jet sweep","7_1_9:17",NA
7,2,1,"8:37","LA","DAL","J.JOHNSON","K.WHITFIELD",11,NA,"7_1_8:37",NA
7,2,1,"8:12","LA","DAL","J.JOHNSON","N.SPRUCE",24,NA,"7_1_8:12",NA
7,2,1,"7:38","DAL","LA","L.JONES","D.PARHAM",15,NA,"7_1_7:38",NA
7,2,1,"6:56","DAL","LA","L.JONES","D.PARHAM",26,NA,"7_1_6:56",NA
7,2,1,"6:31","DAL","LA","L.JONES","L.DUNBAR",-3,NA,"7_1_6:31",NA
7,2,1,"4:59","DAL","LA","L.JONES","L.DUNBAR",0,NA,"7_1_4:59",NA
7,2,1,"4:25","DAL","LA","L.JONES","C.ARTIS-PAYNE",-2,NA,"7_1_4:25",28609
7,2,1,"3:15","DAL","LA","L.JONES","D.PARHAM",10,NA,"7_1_3:15",18154
7,2,1,"1:49","LA","DAL","J.JOHNSON","L.ROSE",2,NA,"7_1_1:49",18152
7,2,2,"14:20","DAL","LA","L.JONES","D.PARHAM",8,NA,"7_2_14:20",28607
7,2,2,"13:40","DAL","LA","L.JONES","D.PARHAM",5,NA,"7_2_13:40",NA
7,2,2,"12:32","DAL","LA","L.JONES","S.PRICE",-3,NA,"7_2_12:32",28594
7,2,2,"11:48","LA","DAL","J.JOHNSON","B.BARNES",4,NA,"7_2_11:48",NA
7,2,2,"10:10","DAL","LA","L.JONES","J.BADET",4,NA,"7_2_10:10",18092
7,2,2,"9:40","DAL","LA","L.JONES","C.ARTIS-PAYNE",-4,NA,"7_2_9:40",23692
7,2,2,"9:11","DAL","LA","L.JONES","D.PARHAM",3,NA,"7_2_9:11",14386
7,2,2,"8:47","DAL","LA","L.JONES","F.NAGEL",2,NA,"7_2_8:47",14388
7,2,2,"8:00","DAL","LA","L.JONES","J.BADET",-1,NA,"7_2_8:00",23691
7,2,2,"6:15","LA","DAL","J.JOSHSON","N.SPRUCE",5,NA,"7_2_6:15",NA
7,2,2,"5:40","LA","DAL","J.JOHNSON","J.SMALLWOOD",5,NA,"7_2_5:40",23694
7,2,2,"4:05","LA","DAL","J.JOHNSON","N.SPRUCE",3,NA,"7_2_4:05",18083
7,2,2,"3:21","LA","DAL","J.JOHNSON","J.GREENE",13,NA,"7_2_3:21",14515
7,2,2,"2:43","DAL","LA","L.JONES","J.BADET",3,NA,"7_2_2:43",18079
7,2,2,"2:07","DAL","LA","L.JONES","L.DUNBAR",3,NA,"7_2_2:07",23693
7,2,2,"2:00","DAL","LA","L.JONES","J.BADET",0,NA,"7_2_2:00",NA
7,2,2,"1:18","DAL","LA","L.JONES","L.DUNBAR",-4,NA,"7_2_1:18",14485
7,2,2,"1:14","DAL","LA","L.JONES","L.DUNBAR",3,NA,"7_2_1:14",18077
7,2,2,"1:00","DAL","LA","L.JONES","S.PRICE",14,NA,"7_2_1:00",18158
7,2,2,"0:20","DAL","LA","L.JONES","J.BADET",1,NA,"7_2_0:20",NA
7,2,2,"0:16","DAL","LA","L.JONES","J.BADET",23,NA,"7_2_0:16",14493
7,2,3,"14:53","LA","DAL","J.JOSHSON","A.JENNINGS",17,NA,"7_3_14:53",18128
7,2,3,"14:15","LA","DAL","J.JOHNSON","N.SPRUCE",3,NA,"7_3_14:15",NA
7,2,3,"13:36","LA","DAL","J.JOHNSON","J.SMALLWOOD",10,NA,"7_3_13:36",NA
7,2,3,"13:00","LA","DAL","J.JOHNSON","A.JENNINGS",36,NA,"7_3_13:00",14582
7,2,3,"11:54","LA","DAL","J.JOHNSON","N.SPRUCE",32,NA,"7_3_11:54",14587
7,2,3,"10:05","DAL","LA","L.JONES","C.ARTIS-PAYNE",-1,NA,"7_3_10:05",NA
7,2,3,"9:34","DAL","LA","L.JONES","D.PARHAM",17,NA,"7_3_9:34",NA
7,2,3,"9:01","LA","DAL","J.JOHNSON","K.WHITFIELD",23,NA,"7_3_9:01",NA
7,2,3,"8:32","LA","DAL","J.JOHNSON","A.JENNINGS",23,NA,"7_3_8:32",NA
7,2,3,"8:01","LA","DAL","J.JOHNSON","B.BARNES",3,NA,"7_3_8:01",NA
7,2,3,"7:01","DAL","LA","L.JONES","J.CROCKETT",36,NA,"7_3_7:01",NA
7,2,3,"6:32","DAL","LA","L.JONES","C.ARTIS-PAYNE",1,NA,"7_3_6:32",18120
7,2,3,"6:00","DAL","LA","L.JONES","F.NAGEL",-2,NA,"7_3_6:00",18093
7,2,3,"4:28","DAL","LA","L.JONES","L.DUNBAR",-3,NA,"7_3_4:28",18112
7,2,3,"3:52","DAL","LA","L.JONES","J.BADET",33,NA,"7_3_3:52",14914
7,2,3,"3:21","DAL","LA","L.JONES","S.PRICE",14,NA,"7_3_3:21",18106
7,2,3,"1:25","DAL","LA","L.JONES","D.PARHAM",25,NA,"7_3_1:25",14923
7,2,3,"0:19","LA","DAL","J.JOHNSON","D.HAMPTON",11,NA,"7_3_0:19",28605
7,2,4,"15:00","LA","DAL","J.JOHNSON","K.WHITFIELD",3,NA,"7_4_15:00",23688
7,2,4,"14:40","LA","DAL","J.JOHNSON","J.SMALLWOOD",-3,NA,"7_4_14:40",18098
7,2,4,"13:43","LA","DAL","J.JOHNSON","L.ROSE",5,NA,"7_4_13:43",NA
7,2,4,"13:14","LA","DAL","J.JOHNSON","J.SMALLWOOD",9,NA,"7_4_13:14",23698
7,2,4,"12:22","LA","DAL","J.JOHNSON","J.SMALLWOOD",6,NA,"7_4_12:22",14821
7,2,4,"11:57","LA","DAL","J.JOHNSON","N.SPRUCE",6,NA,"7_4_11:57",14827
7,2,4,"11:02","DAL","LA","L.JONES","C.ARTIS-PAYNE",-2,NA,"7_4_11:02",18159
7,2,4,"10:19","DAL","LA","L.JONES","D.PARHAM",14,NA,"7_4_10:19",18085
7,2,4,"10:05","DAL","LA","L.JONES","J.CROCKETT",16,NA,"7_4_10:05",NA
7,2,4,"8:45","LA","DAL","J.JOHNSON","J.GREENE",18,NA,"7_4_8:45",14946
7,2,4,"8:22","LA","DAL","J.JOHNSON","N.SPRUCE",4,NA,"7_4_8:22",NA
7,2,4,"7:54","LA","DAL","J.JOHNSON","J.GREENE",11,NA,"7_4_7:54",14958
7,2,4,"5:01","DAL","LA","L.JONES","D.PARHAM",1,NA,"7_4_5:01",NA
7,2,4,"4:45","LA","DAL","J.JOHNSON","N.SPRUCE",35,NA,"7_4_4:45",15029
7,2,4,"2:34","DAL","LA","L.JONES","J.BADET",11,NA,"7_4_2:34",18127
7,2,4,"0:59","LA","DAL","J.JOHNSON","A.JENNINGS",35,NA,"7_4_0:59",15204
7,2,4,"0:52","LA","DAL","J.JOHNSON","J.SMALLWOOD",12,NA,"7_4_0:52",NA
7,2,4,"0:44","LA","DAL","J.JOHNSON","B.BARNES",17,NA,"7_4_0:44",15228
7,2,4,"0:39","LA","DAL","J.JOHNSON","E.HOOD",0,NA,"7_4_0:39",28596
8,2,1,"14:52","HOU","STL","P.WALKER","C.PHILLIPS",3,NA,"8_1_14:52",18230
8,2,1,"13:46","HOU","STL","P.WALKER","S.COATES",3,NA,"8_1_13:46",NA
8,2,1,"13:25","HOU","STL","P.WALKER","C.PHILLIPS",6,NA,"8_1_13:25",23723
8,2,1,"12:06","HOU","STL","P.WALKER","K.LEWIS",4,NA,"8_1_12:06",18245
8,2,1,"11:30","HOU","STL","P.WALKER","S.COATES",7,NA,"8_1_11:30",NA
8,2,1,"9:57","STL","HOU","J.TA'AMU","D.PIERSON-EL",5,NA,"8_1_9:57",23717
8,2,1,"8:29","STL","HOU","J.TA'AMU","K.MUMPHERY",8,NA,"8_1_8:29",NA
8,2,1,"6:30","STL","HOU","J.TA'AMU","M.JONES",-5,NA,"8_1_6:30",15449
8,2,1,"6:14","HOU","STL","P.WALKER","N.HOLLEY",12,NA,"8_1_6:14",18206
8,2,1,"5:10","HOU","STL","P.WALKER","K.LEWIS",21,NA,"8_1_5:10",NA
8,2,1,"3:21","HOU","STL","P.WALKER","C.PHILLIPS",7,NA,"8_1_3:21",15507
8,2,1,"3:08","STL","HOU","J.TA'AMU","A.RUSSELL",-2,NA,"8_1_3:08",18267
8,2,1,"2:40","STL","HOU","J.TA'AMU","L.WASHINGTON",9,NA,"8_1_2:40",NA
8,2,1,"1:11","HOU","STL","P.WALKER","K.LEWIS",2,NA,"8_1_1:11",15557
8,2,1,"0:41","HOU","STL","P.WALKER","N.HOLLEY",15,NA,"8_1_0:41",15562
8,2,1,"0:06","HOU","STL","P.WALKER","R.MALONE",5,NA,"8_1_0:06",23719
8,2,2,"14:49","STL","HOU","J.TA'AMU","D.PIERSON-EL",0,NA,"8_2_14:49",18211
8,2,2,"12:30","HOU","STL","P.WALKER","C.PHILLIPS",18,NA,"8_2_12:30",NA
8,2,2,"12:00","HOU","STL","P.WALKER","J.BUTLER",-2,NA,"8_2_12:00",NA
8,2,2,"11:07","STL","HOU","J.TA'AMU","L.WASHINGTON",5,NA,"8_2_11:07",18198
8,2,2,"10:14","STL","HOU","J.TA'AMU","D.PIERSON-EL",17,NA,"8_2_10:14",NA
8,2,2,"8:41","STL","HOU","J.TA'AMU","A.RUSSELL",14,NA,"8_2_8:41",NA
8,2,2,"8:13","STL","HOU","J.TA'AMU","L.WASHINGTON",-2,NA,"8_2_8:13",NA
8,2,2,"5:24","HOU","STL","P.WALKER","N.HOLLEY",21,NA,"8_2_5:24",NA
8,2,2,"4:28","HOU","STL","P.WALKER","N.HOLLEY",6,NA,"8_2_4:28",15939
8,2,2,"3:17","HOU","STL","P.WALKER","K.LEWIS",-3,NA,"8_2_3:17",NA
8,2,2,"2:40","HOU","STL","P.WALKER","C.PHILLIPS",11,NA,"8_2_2:40",NA
8,2,2,"1:59","HOU","STL","P.WALKER","C.PHILLIPS",9,NA,"8_2_1:59",16178
8,2,2,"1:46","STL","HOU","J.TA'AMU","D.PIERSON-EL",3,NA,"8_2_1:46",NA
8,2,2,"1:10","STL","HOU","J.TA'AMU","D.PIERSON-EL",13,NA,"8_2_1:10",18254
8,2,2,"0:53","HOU","STL","P.WALKER","N.HOLLEY",7,NA,"8_2_0:53",23722
8,2,2,"0:46","HOU","STL","P.WALKER","K.LEWIS",18,NA,"8_2_0:46",16129
8,2,3,"13:54","STL","HOU","J.TA'AMU","L.WASHINGTON",12,NA,"8_3_13:54",NA
8,2,3,"13:34","STL","HOU","J.TA'AMU","D.PIERSON-EL",-4,NA,"8_3_13:34",18215
8,2,3,"11:49","STL","HOU","J.TA'AMU","K.MUMPHERY",-4,NA,"8_3_11:49",NA
8,2,3,"11:21","STL","HOU","J.TA'AMU","C.AGUDOSI",4,NA,"8_3_11:21",18210
8,2,3,"10:51","STL","HOU","J.TA'AMU","D.PIERSON-EL",6,NA,"8_3_10:51",NA
8,2,3,"9:00","STL","HOU","J.TA'AMU","D.PIERSON-EL",0,NA,"8_3_9:00",16393
8,2,3,"8:50","HOU","STL","P.WALKER","S.COATES",9,NA,"8_3_8:50",18261
8,2,3,"8:19","HOU","STL","P.WALKER","J.BUTLER",-3,NA,"8_3_8:19",28624
8,2,3,"5:15","STL","HOU","J.TA'AMU","L.WASHINGTON",11,NA,"8_3_5:15",16542
8,2,3,"4:50","STL","HOU","J.TA'AMU","C.MICHAEL",-4,NA,"8_3_4:50",NA
8,2,3,"3:49","STL","HOU","J.TA'AMU","D.PIERSON-EL",4,NA,"8_3_3:49",18201
8,2,3,"3:28","STL","HOU","J.TA'AMU","W.SAXTON",3,NA,"8_3_3:28",23712
8,2,3,"1:24","HOU","STL","P.WALKER","C.PHILLIPS",5,NA,"8_3_1:24",23718
8,2,3,"0:58","HOU","STL","P.WALKER","K.LEWIS",0,NA,"8_3_0:58",NA
8,2,3,"0:35","HOU","STL","P.WALKER","K.LEWIS",0,NA,"8_3_0:35",16744
8,2,4,"14:48","STL","HOU","J.TA'AMU","L.WASHINGTON",4,NA,"8_4_14:48",16844
8,2,4,"14:35","STL","HOU","J.TA'AMU","D.PIERSON-EL",5,NA,"8_4_14:35",NA
8,2,4,"12:51","STL","HOU","J.TA'AMU","W.SAXTON",-1,NA,"8_4_12:51",18216
8,2,4,"11:40","STL","HOU","J.TA'AMU","K.MUMPHERY",12,NA,"8_4_11:40",23721
8,2,4,"11:18","STL","HOU","J.TA'AMU","M.LUCAS",8,NA,"8_4_11:18",NA
8,2,4,"10:59","STL","HOU","J.TA'AMU","D.PIERSON-EL",-4,NA,"8_4_10:59",18259
8,2,4,"10:47","STL","HOU","J.TA'AMU","A.RUSSELL",17,NA,"8_4_10:47",NA
8,2,4,"9:37","HOU","STL","P.WALKER","C.PHILLIPS",2,NA,"8_4_9:37",NA
8,2,4,"9:03","STL","HOU","J.TA'AMU","A.RUSSELL",7,NA,"8_4_9:03",18242
8,2,4,"8:09","STL","HOU","J.TA'AMU","D.PIERSON-EL",4,NA,"8_4_8:09",NA
8,2,4,"7:05","HOU","STL","P.WALKER","S.MOBLEY",-1,NA,"8_4_7:05",17157
8,2,4,"6:41","HOU","STL","P.WALKER","B.JACKSON",7,NA,"8_4_6:41",NA
8,2,4,"6:03","HOU","STL","P.WALKER","C.PHILLIPS",13,NA,"8_4_6:03",NA
8,2,4,"4:24","STL","HOU","J.TA'AMU","K.MUMPHERY",4,NA,"8_4_4:24",17233
8,2,4,"4:01","STL","HOU","J.TA'AMU","A.RUSSELL",6,NA,"8_4_4:01",NA
8,2,4,"3:30","STL","HOU","J.TA'AMU","L.WASHINGTON",10,NA,"8_4_3:30",NA
8,2,4,"2:27","STL","HOU","J.TA'AMU","C.MICHAEL",-5,NA,"8_4_2:27",NA
8,2,4,"2:00","STL","HOU","J.TA'AMU","A.RUSSELL",15,NA,"8_4_2:00",17301
8,2,4,"1:51","STL","HOU","J.TA'AMU","L.WASHINGTON",-3,NA,"8_4_1:51",NA
8,2,4,"1:36","HOU","STL","P.WALKER","C.PHILLIPS",9,NA,"8_4_1:36",18246
9,3,1,"14:53","TB","HOU","T.CORNELIUS","R.HORN",3,NA,"9_1_14:53",18346
9,3,1,"13:58","TB","HOU","T.CORNELIUS","R.HORN",10,"pbp has time 13:58","9_1_13:58",18328
9,3,1,"12:42","TB","HOU","T.CORNELIUS","J.TOLLIVER",18,"pbp has time 12:42","9_1_12:42",18341
9,3,1,"12:08","HOU","TB","P.WALKER","J.BUTLER",-7,"pbp has time 12:08","9_1_12:08",18405
9,3,1,"11:49","HOU","TB","P.WALKER","J.BUTLER",-4,"pbp has time 11:49","9_1_11:49",23745
9,3,1,"11:12","HOU","TB","P.WALKER","C.PHILLIPS",11,NA,"9_1_11:12",18411
9,3,1,"9:21","HOU","TB","P.WALKER","C.PHILLIPS",33,NA,"9_1_9:21",18398
9,3,1,"06:36","TB","HOU","T.CORNELIUS","R.HORN",-3,"pbp has time 06:36","9_1_6:36",18453
9,3,1,"06:03","TB","HOU","T.CORNELIUS","D.WILLIAMS",19,"pbp has time 06:03","9_1_6:03",18459
9,3,1,"05:43","TB","HOU","T.CORNELIUS","J.TOLLIVER",7,"pbp has time 05:43","9_1_5:43",18467
9,3,1,"5:11","TB","HOU","T.CORNELIUS","D.WILLIAMS",3,NA,"9_1_5:11",18475
9,3,1,"4:53","TB","HOU","T.CORNELIUS","J.PATRICK",-2,NA,"9_1_4:53",18480
9,3,1,"4:29","TB","HOU","T.CORNELIUS","R.HORN",4,"pbp has throwaway","9_1_4:29",18485
9,3,1,"3:49","HOU","TB","P.WALKER","C.PHILLIPS",22,NA,"9_1_3:49",18506
9,3,1,"3:30","TB","HOU","Q.FLOWERS","J.PATRICK",2,NA,"9_1_3:30",23743
9,3,1,"0:34","TB","HOU","Q.FLOWERS","J.TOLLIVER",-2,"pbp has time 0:34","9_1_0:34",NA
9,3,2,"14:04","HOU","TB","P.WALKER","K.LEWIS",23,NA,"9_2_14:04",18596
9,3,2,"13:32","HOU","TB","P.WALKER","K.LEWIS",0,"pbp has time 13:32","9_2_13:32",18598
9,3,2,"13:02","HOU","TB","P.WALKER","N.HOLLEY",-3,"pbp has time 13:02","9_2_13:02",NA
9,3,2,"10:31","TB","HOU","Q.FLOWERS","J.TOLLIVER",20,"pbp has time 10:31","9_2_10:31",23740
9,3,2,"9:37","TB","HOU","Q.FLOWERS","D.SMITH",25,NA,"9_2_9:37",18662
9,3,2,"9:02","HOU","TB","P.WALKER","C.PHILLIPS",11,NA,"9_2_9:02",18688
9,3,2,"8:31","HOU","TB","P.WALKER","K.LEWIS",-3,NA,"9_2_8:31",23746
9,3,2,"7:22","HOU","TB","P.WALKER","R.MALONE",5,NA,"9_2_7:22",18711
9,3,2,"04:16","TB","HOU","Q.FLOWERS","J.TOLLIVER",5,"pbp has time 04:16","9_2_4:16",18780
9,3,2,"3:55","TB","HOU","Q.FLOWERS","D.SMITH",6,NA,"9_2_3:55",18786
9,3,2,"3:13","HOU","TB","P.WALKER","C.PHILLIPS",4,NA,"9_2_3:13",23741
9,3,2,"2:45","HOU","TB","P.WALKER","B.JACKSON",3,NA,"9_2_2:45",18815
9,3,2,"2:04","HOU","TB","P.WALKER","S.MOBLEY",7,NA,"9_2_2:04",18823
9,3,2,"1:28","HOU","TB","P.WALKER","K.LEWIS",7,NA,"9_2_1:28",18837
9,3,2,"1:05","HOU","TB","P.WALKER","K.LEWIS",9,NA,"9_2_1:05",28638
9,3,2,"0:47","TB","HOU","T.CORNELIUS","J.TOLLIVER",12,NA,"9_2_0:47",18888
9,3,2,"0:36","TB","HOU","T.CORNELIUS","R.HORN",4,"pbp has time 0:36","9_2_0:36",18890
9,3,2,"0:33","TB","HOU","T.CORNELIUS","D.GOOLSBY",17,NA,"9_2_0:33",18876
9,3,2,"0:11","TB","HOU","T.CORNELIUS","D.SMITH",15,NA,"9_2_0:11",18924
9,3,3,"14:53","HOU","TB","P.WALKER","N.HOLLEY",-2,NA,"9_3_14:53",18941
9,3,3,"14:16","HOU","TB","P.WALKER","S.COATES",7,NA,"9_3_14:16",28641
9,3,3,"12:13","HOU","TB","P.WALKER","C.PHILLIPS",15,NA,"9_3_12:13",18975
9,3,3,"11:58","TB","HOU","T.CORNELIUS","D.GOOLSBY",5,NA,"9_3_11:58",18994
9,3,3,"11:17","TB","HOU","T.CORNELIUS","D.GOOLSBY",5,NA,"9_3_11:17",19037
9,3,3,"10:33","HOU","TB","P.WALKER","C.PHILLIPS",40,"pbp has time 10:33","9_3_10:33",28632
9,3,3,"8:43","HOU","TB","P.WALKER","C.PHILLIPS",17,NA,"9_3_8:43",19054
9,3,3,"8:11","HOU","TB","P.WALKER","S.MOBLEY",-3,NA,"9_3_8:11",19056
9,3,3,"7:31","HOU","TB","P.WALKER","S.MOBLEY",9,NA,"9_3_7:31",19061
9,3,3,"7:01","HOU","TB","P.WALKER","B.JACKSON",31,"pbp has time 7:01","9_3_7:01",NA
9,3,3,"6:29","HOU","TB","P.WALKER","S.MOBLEY",20,"pbp has time 6:29","9_3_6:29",19072
9,3,3,"5:15","TB","HOU","T.CORNELIUS","J.PATRICK",4,"pbp has time 5:15","9_3_5:15",19092
9,3,3,"3:17","TB","HOU","T.CORNELIUS","D.WILLIAMS",34,"pbp has time 3:17","9_3_3:17",19121
9,3,3,"2:49","TB","HOU","T.CORNELIUS","J.TOLLIVER",11,"pbp has time 2:49","9_3_2:49",19128
9,3,3,"2:13","TB","HOU","T.CORNELIUS","D.WILLIAMS",-3,"pbp has time 2:13","9_3_2:13",19134
9,3,3,"1:50","HOU","TB","P.WALKER","J.BUTLER",-4,"pbp has time 1:50","9_3_1:50",19158
9,3,3,"1:15","HOU","TB","P.WALKER","S.COATES",42,NA,"9_3_1:15",28645
9,3,3,"0:40","HOU","TB","P.WALKER","R.MALONE",22,NA,"9_3_0:40",19172
9,3,4,"14:54","TB","HOU","T.CORNELIUS","J.TOLLIVER",6,"pbp has time 14:54","9_4_14:54",19191
9,3,4,"13:46","TB","HOU","T.CORNELIUS","R.HORN",-4,NA,"9_4_13:46",19214
9,3,4,"13:18","TB","HOU","T.CORNELIUS","D.WILLIAMS",25,NA,"9_4_13:18",19220
9,3,4,"12:40","HOU","TB","P.WALKER","K.LEWIS",-3,NA,"9_4_12:40",23739
9,3,4,"12:12","HOU","TB","P.WALKER","N.HOLLEY",34,"pbp has time 12:12","9_4_12:12",19246
9,3,4,"11:24","HOU","TB","P.WALKER","K.LEWIS",-1,"pbp has time 11:24","9_4_11:24",23742
9,3,4,"11:08","HOU","TB","P.WALKER","K.LEWIS",-1,"pbp has time 11:08","9_4_11:08",19268
9,3,4,"10:31","HOU","TB","P.WALKER","C.PHILLIPS",7,NA,"9_4_10:31",19274
9,3,4,"9:49","TB","HOU","T.CORNELIUS","D.WILLIAMS",15,NA,"9_4_9:49",19302
9,3,4,"8:56","TB","HOU","T.CORNELIUS","J.TOLLIVER",0,NA,"9_4_8:56",19318
9,3,4,"6:19","TB","HOU","T.CORNELIUS","R.HORN",5,"pbp has time 6:19","9_4_6:19",19358
9,3,4,"5:50","TB","HOU","T.CORNELIUS","J.TOLLIVER",13,NA,"9_4_5:50",19366
9,3,4,"4:43","TB","HOU","T.CORNELIUS","J.TOLLIVER",1,"pbp has time 4:43, throwaway","9_4_4:43",19379
9,3,4,"4:20","TB","HOU","T.CORNELIUS","J.TOLLIVER",1,NA,"9_4_4:20",19384
9,3,4,"3:55","TB","HOU","T.CORNELIUS","D.WILLIAMS",1,"pbp has time 3:55","9_4_3:55",28646
9,3,4,"3:50","HOU","TB","P.WALKER","C.PHILLIPS",13,NA,"9_4_3:50",28644
9,3,4,"2:34","HOU","TB","P.WALKER","S.COATES",27,NA,"9_4_2:34",19426
9,3,4,"1:53","TB","HOU","T.CORNELIUS","J.TOLLIVER",9,NA,"9_4_1:53",19436
9,3,4,"1:19","TB","HOU","T.CORNELIUS","D.SMITH",5,"pbp has time 1:19","9_4_1:19",23747
9,3,4,"0:42","HOU","TB","P.WALKER","K.LEWIS",3,"pbp has time 0:42","9_4_0:42",23749
10,3,1,"14:56","DAL","SEA","L.JONES","L.DUNBAR",-1,NA,"10_1_14:56",19508
10,3,1,"14:29","DAL","SEA","L.JONES","C.ARTIS-PAYNE",-4,NA,"10_1_14:29",23758
10,3,1,"13:15","DAL","SEA","L.JONES","C.ARTIS-PAYNE",-5,NA,"10_1_13:15",19534
10,3,1,"11:54","SEA","DAL","B.SILVERS","A.MOORE",7,NA,"10_1_11:54",19561
10,3,1,"10:42","SEA","DAL","B.SILVERS","C.HAMLETT",5,NA,"10_1_10:42",19574
10,3,1,"7:47","SEA","DAL","B.SILVERS","J.GARDNER",16,NA,"10_1_7:47",19609
10,3,1,"7:23","SEA","DAL","B.SILVERS","A.PROEHL",21,NA,"10_1_7:23",19616
10,3,1,"7:12","DAL","SEA","L.JONES","C.ARTIS-PAYNE",-2,NA,"10_1_7:12",23760
10,3,1,"6:49","DAL","SEA","L.JONES","L.DUNBAR",1,NA,"10_1_6:49",28659
10,3,1,"5:50","DAL","SEA","L.JONES","L.DUNBAR",10,"pbp has time 5:50","10_1_5:50",19658
10,3,1,"3:47","DAL","SEA","L.JONES","J.FERGUSON",11,"pbp has time 3:47","10_1_3:47",23776
10,3,1,"3:24","DAL","SEA","L.JONES","D.PARHAM",3,NA,"10_1_3:24",19697
10,3,1,"2:57","DAL","SEA","L.JONES","D.PARHAM",0,NA,"10_1_2:57",19748
10,3,1,"2:28","DAL","SEA","L.JONES","J.BADET",2,"pbp has time 2:28","10_1_2:28",19712
10,3,1,"2:11","DAL","SEA","L.JONES","F.NAGEL",3,NA,"10_1_2:11",19719
10,3,1,"1:41","DAL","SEA","L.JONES","S.PRICE",6,NA,"10_1_1:41",19726
10,3,1,"1:19","DAL","SEA","L.JONES","D.PARHAM",12,NA,"10_1_1:19",19731
10,3,1,"0:49","DAL","SEA","L.JONES","F.NAGEL",7,NA,"10_1_0:49",NA
10,3,2,"13:26","SEA","DAL","B.SILVERS","A.PROEHL",2,NA,"10_2_13:26",19808
10,3,2,"12:51","SEA","DAL","B.SILVERS","K.FARROW",1,NA,"10_2_12:51",19816
10,3,2,"12:03","DAL","SEA","L.JONES","L.DUNBAR",-3,NA,"10_2_12:03",19832
10,3,2,"11:21","DAL","SEA","L.JONES","L.DUNBAR",-2,NA,"10_2_11:21",19846
10,3,2,"10:50","DAL","SEA","L.JONES","D.PARHAM",25,NA,"10_2_10:50",19851
10,3,2,"7:28","SEA","DAL","B.SILVERS","A.MOORE",17,NA,"10_2_7:28",23775
10,3,2,"7:18","DAL","SEA","L.JONES","L.JONES",0,"first forward pass","10_2_7:18",19921
10,3,2,"7:18","DAL","SEA","L.JONES","L.DUNBAR",14,NA,"10_2_7:18",19921
10,3,2,"6:41","DAL","SEA","L.JONES","J.BADET",4,NA,"10_2_6:41",23762
10,3,2,"6:27","DAL","SEA","L.JONES","F.MARTINO",25,NA,"10_2_6:27",NA
10,3,2,"5:37","DAL","SEA","L.JONES","J.CROCKETT",16,NA,"10_2_5:37",19949
10,3,2,"5:10","DAL","SEA","L.JONES","F.NAGEL",20,NA,"10_2_5:10",23754
10,3,2,"5:01","SEA","DAL","B.SILVERS","A.PROEHL",2,NA,"10_2_5:01",20558
10,3,2,"3:47","SEA","DAL","B.SILVERS","K.REYNOLDS",6,NA,"10_2_3:47",23772
10,3,2,"2:47","SEA","DAL","B.SILVERS","D.BYRD",6,NA,"10_2_2:47",20512
10,3,2,"2:17","SEA","DAL","B.SILVERS","A.PROEHL",23,NA,"10_2_2:17",28657
10,3,2,"1:31","SEA","DAL","B.SILVERS","K.FARROW",15,NA,"10_2_1:31",20534
10,3,2,"1:09","DAL","SEA","L.JONES","J.BADET",9,NA,"10_2_1:09",20521
10,3,2,"0:54","DAL","SEA","L.JONES","J.BADET",37,NA,"10_2_0:54",23771
10,3,2,"0:47","SEA","DAL","B.SILVERS","B.JOHNSON",26,"pbp has throwaway","10_2_0:47",20528
10,3,2,"0:38","SEA","DAL","B.SILVERS","A.MOORE",6,"pbp has time 0:38","10_2_0:38",23770
10,3,2,"0:10","SEA","DAL","B.SILVERS","T.WILLIAMS",4,NA,"10_2_0:10",23769
10,3,3,"13:43","SEA","DAL","B.SILVERS","K.REYNOLDS",2,NA,"10_3_13:43",20517
10,3,3,"12:27","SEA","DAL","B.SILVERS","K.REYNOLDS",9,NA,"10_3_12:27",20566
10,3,3,"11:59","SEA","DAL","B.SILVERS","K.REYNOLDS",11,NA,"10_3_11:59",20513
10,3,3,"10:13","SEA","DAL","B.SILVERS","K.REYNOLDS",4,"pbp has time 10:13","10_3_10:13",20567
10,3,3,"9:42","DAL","SEA","L.JONES","L.DUNBAR",-2,NA,"10_3_9:42",20535
10,3,3,"8:33","DAL","SEA","L.JONES","F.NAGEL",3,NA,"10_3_8:33",20547
10,3,3,"7:36","DAL","SEA","L.JONES","L.DUNBAR",-1,NA,"10_3_7:36",23767
10,3,3,"6:46","DAL","SEA","L.JONES","J.FERGUSON",31,NA,"10_3_6:46",20569
10,3,3,"6:22","DAL","SEA","L.JONES","C.ARTIS-PAYNE",-1,NA,"10_3_6:22",20522
10,3,3,"5:51","DAL","SEA","L.JONES","D.PARHAM",5,NA,"10_3_5:51",20525
10,3,3,"5:31","DAL","SEA","L.JONES","J.CROCKETT",12,NA,"10_3_5:31",20526
10,3,3,"5:07","DAL","SEA","L.JONES","J.FERGUSON",4,NA,"10_3_5:07",20529
10,3,3,"4:22","DAL","SEA","L.JONES","F.NAGEL",5,NA,"10_3_4:22",20561
10,3,3,"3:55","DAL","SEA","L.JONES","D.PARHAM",10,NA,"10_3_3:55",NA
10,3,3,"3:45","SEA","DAL","B.SILVERS","K.REYNOLDS",7,"pbp has time 3:45","10_3_3:45",20553
10,3,3,"2:36","SEA","DAL","B.SILVERS","E.RODRIGUEZ",3,NA,"10_3_2:36",20551
10,3,3,"2:01","DAL","SEA","L.JONES","C.ARTIS-PAYNE",-5,NA,"10_3_2:01",23766
10,3,3,"1:39","DAL","SEA","L.JONES","F.NAGEL",4,NA,"10_3_1:39",20515
10,3,4,"14:28","DAL","SEA","L.JONES","L.DUNBAR",-2,NA,"10_4_14:28",20600
10,3,4,"11:35","SEA","DAL","B.SILVERS","A.MOORE",3,NA,"10_4_11:35",20704
10,3,4,"11:06","SEA","DAL","B.SILVERS","T.WILLIAMS",-4,"pbp has time 11:06","10_4_11:06",20719
10,3,4,"9:38","DAL","SEA","L.JONES","L.DUNBAR",-5,NA,"10_4_9:38",20775
10,3,4,"8:58","DAL","SEA","L.JONES","D.PARHAM",16,NA,"10_4_8:58",20785
10,3,4,"8:40","SEA","DAL","B.SILVERS","K.FARROW",-4,NA,"10_4_8:40",20846
10,3,4,"8:02","SEA","DAL","B.SILVERS","K.REYNOLDS",41,NA,"10_4_8:02",20857
10,3,4,"7:25","SEA","DAL","B.SILVERS","A.PROEHL",2,NA,"10_4_7:25",20872
10,3,4,"6:26","SEA","DAL","B.SILVERS","J.GARDNER",-6,NA,"10_4_6:26",20970
10,3,4,"6:03","SEA","DAL","B.SILVERS","J.GARDNER",-1,NA,"10_4_6:03",20973
10,3,4,"5:40","SEA","DAL","B.SILVERS","E.RODRIGUEZ",3,NA,"10_4_5:40",20988
10,3,4,"5:07","SEA","DAL","B.SILVERS","A.PROEHL",3,NA,"10_4_5:07",NA
10,3,4,"4:33","DAL","SEA","L.JONES","C.ARTIS-PAYNE",-1,NA,"10_4_4:33",23757
10,3,4,"3:19","DAL","SEA","L.JONES","L.DUNBAR",-2,NA,"10_4_3:19",21078
10,3,4,"0:44","SEA","DAL","B.SILVERS","T.WILLIAMS",-4,NA,"10_4_0:44",21170
10,3,4,"0:37","SEA","DAL","B.SILVERS","A.MOORE",7,NA,"10_4_0:37",21232
10,3,4,"0:11","SEA","DAL","B.SILVERS","A.PROEHL",5,NA,"10_4_0:11",21215
10,3,4,"0.01","SEA","DAL","B.SILVERS","T.WILLIAMS",-1,NA,"10_4_0.01",NA
11,3,1,"12:33","NY","STL","M.MCGLOIN","C.PEARSON",6,"pbp has 12:33","11_1_12:33",21305
11,3,1,"11:15","NY","STL","M.MCGLOIN","J.STOCKTON",-6,NA,"11_1_11:15",21329
11,3,1,"10:34","NY","STL","M.MCGLOIN","J.POWELL",3,NA,"11_1_10:34",NA
11,3,1,"5:45","STL","NY","J.TA'AMU","D.PIERSON-EL",11,NA,"11_1_5:45",21393
11,3,1,"04:22","STL","NY","J.TA'AMU","M.LUCAS",11,"pbp has 04:22","11_1_4:22",21416
11,3,1,"1:41","STL","NY","J.TA'AMU","A.RUSSELL",14,NA,"11_1_1:41",23781
11,3,2,"13:33","NY","STL","M.WILLIAMS","A.DUKE",-1,"pbp has 13:33","11_2_13:33",21509
11,3,2,"12:52","NY","STL","M.WILLIAMS","A.DUKE",4,"pbp has 12:52","11_2_12:52",21516
11,3,2,"12:00","NY","STL","M.MCGLOIN","C.PEARSON",0,NA,"11_2_12:00",21562
11,3,2,"11:13","NY","STL","M.MCGLOIN","T.REDDING",9,"pbp has 11:13","11_2_11:13",21571
11,3,2,"10:29","NY","STL","M.MCGLOIN","D.VICTOR",1,"pbp has 10:29","11_2_10:29",21578
11,3,2,"9:34","STL","NY","J.TA'AMU","L.WASHINGTON",-2,"pbp has 9:34","11_2_9:34",21599
11,3,2,"8:26","STL","NY","J.TA'AMU","D.PIERSON-EL",5,NA,"11_2_8:26",21613
11,3,2,"7:51","STL","NY","J.TA'AMU","D.PIERSON-EL",-4,NA,"11_2_7:51",21620
11,3,2,"5:08","STL","NY","J.TA'AMU","M.LUCAS",2,NA,"11_2_5:08",21657
11,3,2,"4:40","STL","NY","J.TA'AMU","N/A",10,NA,"11_2_4:40",NA
11,3,2,"3:04","NY","STL","M.MCGLOIN","T.REDDING",1,NA,"11_2_3:04",21700
11,3,2,"2:00","STL","NY","J.TA'AMU","B.REILLY",-2,NA,"11_2_2:00",21728
11,3,2,"1:02","NY","STL","M.MCGLOIN","J.POWELL",1,NA,"11_2_1:02",21769
11,3,2,"0:59","NY","STL","M.MCGLOIN","C.PEARSON",19,NA,"11_2_0:59",21785
11,3,2,"0:49","NY","STL","M.MCGLOIN","J.POWELL",12,NA,"11_2_0:49",21792
11,3,2,"0:32","NY","STL","M.MCGLOIN","J.STOCKTON",22,NA,"11_2_0:32",23786
11,3,3,"13:50","NY","STL","M.WILLIAMS","J.STOCKTON",-4,"pbp has 13:50","11_3_13:50",21847
11,3,3,"13:01","STL","NY","J.TA'AMU","A.RUSSELL",10,"pbp has 13:01","11_3_13:01",21859
11,3,3,"11:59","STL","NY","J.TA'AMU","B.REILLY",15,NA,"11_3_11:59",23782
11,3,3,"11:12","STL","NY","J.TA'AMU","M.LUCAS",-2,"pbp has 11:12","11_3_11:12",21889
11,3,3,"8:29","NY","STL","M.WILLIAMS","J.STOCKTON",-4,"pbp has 8:29","11_3_8:29",23778
11,3,3,"7:49","NY","STL","M.WILLIAMS","T.REDDING",12,"pbp has 7:49","11_3_7:49",21943
11,3,3,"6:38","NY","STL","M.WILLIAMS","A.DUKE",16,NA,"11_3_6:38",21961
11,3,3,"5:54","NY","STL","M.WILLIAMS","A.DUKE",-3,"pbp has 5:54","11_3_5:54",21970
11,3,3,"5:10","NY","STL","M.WILLIAMS","J.STOCKTON",-1,"pbp has 5:10","11_3_5:10",21976
11,3,3,"2:25","STL","NY","J.TA'AMU","B.REILLY",6,NA,"11_3_2:25",22011
11,3,3,"1:16","NY","STL","M.WILLIAMS","A.DUKE",16,NA,"11_3_1:16",22032
11,3,3,"0:08","NY","STL","M.WILLIAMS","C.PEARSON",2,"pbp has throwaway","11_3_0:08",28671
11,3,4,"15:00","NY","STL","M.WILLIAMS","N/A",0,NA,"11_4_15:00",28669
11,3,4,"13:23","NY","STL","M.WILLIAMS","C.PEARSON",6,NA,"11_4_13:23",22074
11,3,4,"12:59","NY","STL","M.WILLIAMS","T.REDDING",6,NA,"11_4_12:59",22079
11,3,4,"12:31","NY","STL","M.WILLIAMS","M.MCKAY",6,NA,"11_4_12:31",28665
11,3,4,"10:01","STL","NY","J.TA'AMU","M.LUCAS",15,"pbp has 10:01","11_4_10:01",22132
11,3,4,"9:00","STL","NY","J.TA'AMU","N/A",-7,NA,"11_4_9:00",22141
11,3,4,"8:30","NY","STL","L.PEREZ","D.VICTOR",1,"pbp has M.WILLIAMS passer","11_4_8:30",23785
11,3,4,"7:23","NY","STL","L.PEREZ","M.MCKAY",6,NA,"11_4_7:23",22175
11,3,4,"6:45","NY","STL","L.PEREZ","T.REDDING",8,NA,"11_4_6:45",22181
11,3,4,"6:19","NY","STL","L.PEREZ","A.DUKE",-2,NA,"11_4_6:19",22187
11,3,4,"4:54","STL","NY","J.TA'AMU","A.RUSSELL",9,NA,"11_4_4:54",23780
11,3,4,"2:24","STL","NY","J.TA'AMU","L.TILLERY",2,NA,"11_4_2:24",22264
11,3,4,"2:00","STL","NY","J.TA'AMU","M.LUCAS",-4,NA,"11_4_2:00",22272
11,3,4,"0:15","NY","STL","L.PEREZ","E.BIBBS",3,NA,"11_4_0:15",22325
11,3,4,"0:05","NY","STL","L.PEREZ","C.PEARSON",9,NA,"11_4_0:05",NA
12,3,1,"14:54","LA","DC","J.JOHNSON","J.SMALLWOOD",5,NA,"12_1_14:54",22346
12,3,1,"14:27","LA","DC","J.JOHNSON","B.BARNES",12,"pbp has 14:27","12_1_14:27",28678
12,3,1,"13:54","LA","DC","J.JOHNSON","K.WHITFIELD",-5,"pbp has 13:54","12_1_13:54",23809
12,3,1,"13:17","LA","DC","J.JOHNSON","D.HAMPTON",1,"pbp has 13:17","12_1_13:17",22368
12,3,1,"12:27","LA","DC","J.JOHNSON","T.MCBRIDE",31,"pbp has 12:27","12_1_12:27",22383
12,3,1,"11:41","DC","LA","C.JONES","D.PUMPHREY",15,"pbp has 11:41","12_1_11:41",28690
12,3,1,"11:20","DC","LA","C.JONES","E.ROGERS",18,"pbp has 11:20","12_1_11:20",23796
12,3,1,"10:57","LA","DC","J.JOHNSON","M.CARTER",0,NA,"12_1_10:57",22441
12,3,1,"9:46","LA","DC","J.JOHNSON","L.ROSE",-2,NA,"12_1_9:46",22451
12,3,1,"6:46","DC","LA","C.JONES","E.ROGERS",7,NA,"12_1_6:46",22492
12,3,1,"5:07","LA","DC","J.JOHNSON","A.JENNINGS",24,NA,"12_1_5:07",22524
12,3,1,"2:59","DC","LA","C.JONES","D.PUMPHREY",0,NA,"12_1_2:59",22554
12,3,1,"1:47","DC","LA","C.JONES","E.ROGERS",12,NA,"12_1_1:47",23797
12,3,1,"0:33","LA","DC","J.JOHNSON","M.CARTER",11,NA,"12_1_0:33",22599
12,3,2,"14:14","DC","LA","C.JONES","K.LEE",5,NA,"12_2_14:14",22639
12,3,2,"11:59","LA","DC","J.JOHNSON","T.MCBRIDE",42,NA,"12_2_11:59",22666
12,3,2,"10:50","LA","DC","J.JOHNSON","B.BARNES",10,NA,"12_2_10:50",22689
12,3,2,"10:27","LA","DC","J.JOHNSON","T.MCBRIDE",5,NA,"12_2_10:27",22691
12,3,2,"8:47","LA","DC","J.JOHNSON","T.MCBRIDE",28,NA,"12_2_8:47",22713
12,3,2,"7:08","DC","LA","C.JONES","R.ROSS",38,NA,"12_2_7:08",NA
12,3,2,"6:33","DC","LA","C.JONES","J.PRESSLEY",-4,"pbp has 6:33","12_2_6:33",22777
12,3,2,"6:09","DC","LA","C.JONES","K.LEE",2,NA,"12_2_6:09",22785
12,3,2,"2:00","LA","DC","J.JOHNSON","J.SMALLWOOD",5,NA,"12_2_2:00",22882
12,3,2,"1:24","DC","LA","C.JONES","D.THOMPKINS",21,NA,"12_2_1:24",22902
12,3,2,"1:18","DC","LA","C.JONES","J.PRESSLEY",2,NA,"12_2_1:18",22910
12,3,2,"1:02","DC","LA","C.JONES","K.LEE",20,NA,"12_2_1:02",22922
12,3,2,"0:41","DC","LA","C.JONES","D.THOMPKINS",15,"pbp has 0:41","12_2_0:41",22930
12,3,2,"0:37","DC","LA","C.JONES","D.ERNSBERGER",4,NA,"12_2_0:37",22936
12,3,3,"14:55","DC","LA","C.JONES","E.ROGERS",3,NA,"12_3_14:55",22976
12,3,3,"13:59","DC","LA","C.JONES","D.PUMPHREY",3,NA,"12_3_13:59",22989
12,3,3,"12:13","DC","LA","C.JONES","R.ROSS",17,NA,"12_3_12:13",NA
12,3,3,"11:49","DC","LA","C.JONES","D.THOMPKINS",18,NA,"12_3_11:49",NA
12,3,3,"9:30","DC","LA","C.JONES","R.ROSS",32,NA,"12_3_9:30",NA
12,3,3,"9:22","LA","DC","J.JOHNSON","T.MCBRIDE",20,NA,"12_3_9:22",23053
12,3,3,"8:57","LA","DC","J.JOHNSON","A.JENNINGS",4,NA,"12_3_8:57",NA
12,3,3,"8:19","LA","DC","J.JOHNSON","N.SPRUCE",21,NA,"12_3_8:19",23082
12,3,3,"8:10","LA","DC","J.JOHNSON","T.MCBRIDE",15,NA,"12_3_8:10",23116
12,3,3,"7:45","LA","DC","J.JOHNSON","A.JENNINGS",6,NA,"12_3_7:45",23112
12,3,3,"7:15","LA","DC","J.JOHNSON","D.HAMPTON",18,NA,"12_3_7:15",23119
12,3,3,"6:45","LA","DC","J.JOHNSON","M.CARTER",-7,NA,"12_3_6:45",23125
12,3,3,"6:02","DC","LA","C.JONES","E.ROGERS",-5,NA,"12_3_6:02",23800
12,3,3,"3:10","DC","LA","C.JONES","N/A",12,NA,"12_3_3:10",23210
12,3,3,"2:39","DC","LA","C.JONES","R.ROSS",16,NA,"12_3_2:39",23218
12,3,3,"1:30","DC","LA","C.JONES","R.ROSS",22,NA,"12_3_1:30",23229
12,3,3,"1:10","DC","LA","C.JONES","K.ABDULLAH",-3,NA,"12_3_1:10",23790
12,3,3,"0:35","DC","LA","C.JONES","E.ROGERS",14,NA,"12_3_0:35",23795
12,3,4,"15:00","LA","DC","J.JOHNSON","B.BARNES",13,NA,"12_4_15:00",23271
12,3,4,"13:39","LA","DC","J.JOHNSON","N.SPRUCE",13,NA,"12_4_13:39",23288
12,3,4,"12:55","LA","DC","J.JOHNSON","N.SPRUCE",17,NA,"12_4_12:55",23294
12,3,4,"12:23","LA","DC","J.JOHNSON","N.SPRUCE",4,NA,"12_4_12:23",23794
12,3,4,"10:51","DC","LA","T.JACKSON","E.ROGERS",-2,NA,"12_4_10:51",23792
12,3,4,"2:37","DC","LA","T.JACKSON","R.ROSS",39,NA,"12_4_2:37",23472
13,4,1,"11:01","NY","LA","L.PEREZ","J.HORN",-2,NA,"13_1_11:01",23905
13,4,1,"9:49","NY","LA","L.PEREZ","C.PEARSON",4,NA,"13_1_9:49",23919
13,4,1,"6:18","NY","LA","L.PEREZ","J.HORN",17,"pbp has C.PEARSON","13_1_6:18",23964
13,4,1,"5:08","LA","NY","J.JOHNSON","B.BARNES",4,NA,"13_1_5:08",NA
13,4,1,"4:32","LA","NY","J.JOHNSON","J.SMALLWOOD",24,NA,"13_1_4:32",23996
13,4,1,"4:03","LA","NY","J.JOHNSON","J.SMALLWOOD",21,NA,"13_1_4:03",24005
13,4,1,"1:55","LA","NY","J.JOHNSON","D.HAMPTON",2,NA,"13_1_1:55",28710
13,4,1,"0:07","LA","NY","J.JOHNSON","T.MCBRIDE",4,NA,"13_1_0:07",24053
13,4,2,"15:00","NY","LA","L.PEREZ","E.BIBBS",1,NA,"13_2_15:00",24075
13,4,2,"13:12","NY","LA","L.PEREZ","T.COOK",-3,NA,"13_2_13:12",24096
13,4,2,"12:14","NY","LA","L.PEREZ","M.COLBURN",-3,NA,"13_2_12:14",24112
13,4,2,"11:47","NY","LA","L.PEREZ","J.POWELL",20,NA,"13_2_11:47",NA
13,4,2,"10:26","NY","LA","L.PEREZ","T.REDDING",21,NA,"13_2_10:26",24136
13,4,2,"10:01","NY","LA","L.PEREZ","J.POWELL",7,NA,"13_2_10:01",24141
13,4,2,"9:41","NY","LA","L.PEREZ","A.DUKE",3,NA,"13_2_9:41",24149
13,4,2,"5:59","NY","LA","L.PEREZ","M.MCKAY",8,NA,"13_2_5:59",24209
13,4,2,"4:59","NY","LA","L.PEREZ","D.VICTOR",2,NA,"13_2_4:59",24222
13,4,2,"3:47","NY","LA","L.PEREZ","C.PEARSON",4,NA,"13_2_3:47",24235
13,4,2,"2:17","NY","LA","L.PEREZ","J.POWELL",6,NA,"13_2_2:17",NA
13,4,2,"2:00","NY","LA","L.PEREZ","E.BIBBS",1,NA,"13_2_2:00",24268
13,4,2,"1:31","NY","LA","L.PEREZ","M.MCKAY",3,NA,"13_2_1:31",24274
13,4,2,"1:22","LA","NY","J.JOHNSON","B.BARNES",9,NA,"13_2_1:22",24298
13,4,2,"1:15","LA","NY","J.JOHNSON","T.MCBRIDE",18,NA,"13_2_1:15",NA
13,4,2,"1:01","LA","NY","J.JOHNSON","N/A",3,NA,"13_2_1:01",NA
13,4,2,"0:57","LA","NY","J.JOHNSON","J.SMALLWOOD",16,NA,"13_2_0:57",24329
13,4,2,"0:53","LA","NY","J.JOHNSON","D.HARRIS",2,NA,"13_2_0:53",24335
13,4,3,"14:55","LA","NY","J.JOHNSON","T.MCBRIDE",12,NA,"13_3_14:55",24375
13,4,3,"14:30","LA","NY","J.JOHNSON","T.MCBRIDE",3,NA,"13_3_14:30",24380
13,4,3,"14:11","LA","NY","J.JOHNSON","A.JENNINGS",12,NA,"13_3_14:11",24387
13,4,3,"13:35","LA","NY","J.JOHNSON","T.MCBRIDE",11,NA,"13_3_13:35",24394
13,4,3,"13:01","LA","NY","J.JOHNSON","K.WHITFIELD",31,NA,"13_3_13:01",24399
13,4,3,"12:36","LA","NY","J.JOHNSON","D.HARRIS",2,NA,"13_3_12:36",NA
13,4,3,"10:01","LA","NY","J.JOHNSON","A.JENNINGS",10,NA,"13_3_10:01",24443
13,4,3,"9:22","LA","NY","J.JOHNSON","K.WHITFIELD",11,NA,"13_3_9:22",24451
13,4,3,"8:29","NY","LA","L.PEREZ","J.HORN",34,NA,"13_3_8:29",24468
13,4,3,"8:06","NY","LA","L.PEREZ","C.PEARSON",-3,NA,"13_3_8:06",NA
13,4,3,"7:25","NY","LA","L.PEREZ","T.COOK",4,NA,"13_3_7:25",24488
13,4,3,"6:24","LA","NY","J.JOHNSON","B.BARNES",14,NA,"13_3_6:24",24501
13,4,3,"6:00","LA","NY","J.JOHNSON","J.SMALLWOOD",2,NA,"13_3_6:00",24503
13,4,3,"5:33","LA","NY","J.JOHNSON","J.SMALLWOOD",6,"pbp has 5:33","13_3_5:33",24512
13,4,3,"4:45","LA","NY","J.JOHNSON","S.BLACKNALL",42,NA,"13_3_4:45",24527
13,4,3,"4:33","NY","LA","L.PEREZ","M.MCKAY",27,NA,"13_3_4:33",24547
13,4,3,"4:05","NY","LA","L.PEREZ","J.POWELL",-2,NA,"13_3_4:05",24554
13,4,3,"3:37","NY","LA","L.PEREZ","C.PEARSON",6,NA,"13_3_3:37",24563
13,4,3,"2:39","LA","NY","J.JOHNSON","B.BARNES",-1,NA,"13_3_2:39",24577
13,4,3,"0:57","LA","NY","J.JOHNSON","J.SMALLWOOD",5,NA,"13_3_0:57",24601
13,4,3,"0:23","LA","NY","J.JOHNSON","T.MCBRIDE",9,NA,"13_3_0:23",24610
13,4,4,"15:00","NY","LA","L.PEREZ","M.COLBURN",-3,NA,"13_4_15:00",24622
13,4,4,"14:21","NY","LA","L.PEREZ","C.PEARSON",9,NA,"13_4_14:21",24638
13,4,4,"11:24","NY","LA","L.PEREZ","T.REDDING",17,NA,"13_4_11:24",24672
13,4,4,"10:49","LA","NY","J.JOHNSON","T.MCBRIDE",41,NA,"13_4_10:49",24698
13,4,4,"8:47","LA","NY","J.JOHNSON","D.HARRIS",5,NA,"13_4_8:47",28695
13,4,4,"5:47","NY","LA","L.PEREZ","M.MCKAY",31,NA,"13_4_5:47",24758
13,4,4,"5:06","LA","NY","J.JOHNSON","T.MCBRIDE",5,NA,"13_4_5:06",24775
13,4,4,"4:36","LA","NY","J.JOHNSON","J.SMALLWOOD",5,NA,"13_4_4:36",24783
13,4,4,"4:12","LA","NY","J.JOHNSON","K.WHITFIELD",28,NA,"13_4_4:12",24789
13,4,4,"3:47","LA","NY","J.JOHNSON","A.JENNINGS",4,NA,"13_4_3:47",24796
13,4,4,"3:47","LA","NY","J.JOHNSON","N/A",0,NA,"13_4_3:47",24796
13,4,4,"2:49","LA","NY","J.JOHNSON","S.BLACKNALL",25,NA,"13_4_2:49",24813
13,4,4,"0:33","LA","NY","J.JOHNSON","K.WHITFIELD",6,NA,"13_4_0:33",24876
13,4,4,"0:29","LA","NY","J.JOHNSON","T.MCBRIDE",22,NA,"13_4_0:29",24881
13,4,4,"0:24","LA","NY","J.JOHNSON","T.MCBRIDE",4,NA,"13_4_0:24",24888
13,4,4,"0:19","LA","NY","J.JOHNSON","T.MCBRIDE",20,NA,"13_4_0:19",24896
13,4,4,"0:13","LA","NY","J.JOHNSON","S.BLACKNALL",30,NA,"13_4_0:13",24901
13,4,4,"0:07","LA","NY","J.JOHNSON","T.MCBRIDE",11,NA,"13_4_0:07",24906
14,4,1,"13:46","STL","SEA","J.TA'AMU","M.JONES",-3,"pbp has throwaway","14_1_13:46",24961
14,4,1,"12:16","SEA","STL","B.SILVERS","A.MOORE",21,NA,"14_1_12:16",24993
14,4,1,"11:21","STL","SEA","J.TA'AMU","M.LUCAS",10,NA,"14_1_11:21",25012
14,4,1,"10:29","STL","SEA","J.TA'AMU","A.RUSSELL",9,NA,"14_1_10:29",25026
14,4,1,"9:52","STL","SEA","J.TA'AMU","M.LUCAS",6,NA,"14_1_9:52",25034
14,4,1,"7:51","STL","SEA","J.TA'AMU","L.WASHINGTON",30,NA,"14_1_7:51",28715
14,4,1,"7:23","STL","SEA","J.TA'AMU","C.AGUDOSI",21,NA,"14_1_7:23",25072
14,4,1,"6:43","STL","SEA","J.TA'AMU","D.PIERSON-EL",8,NA,"14_1_6:43",25078
14,4,1,"6:01","SEA","STL","B.SILVERS","A.PROEHL",-2,NA,"14_1_6:01",28721
14,4,1,"5:33","SEA","STL","B.SILVERS","C.HAMLETT",3,NA,"14_1_5:33",25115
14,4,1,"2:38","STL","SEA","J.TA'AMU","L.WASHINGTON",5,NA,"14_1_2:38",25157
14,4,2,"15:00","SEA","STL","B.SILVERS","K.FARROW",3,NA,"14_2_15:00",28723
14,4,2,"13:57","SEA","STL","B.SILVERS","K.REYNOLDS",5,"pbp has 13:57","14_2_13:57",25239
14,4,2,"12:29","STL","SEA","J.TA'AMU","K.FORD",0,NA,"14_2_12:29",25279
14,4,2,"11:13","STL","SEA","J.TA'AMU","D.PIERSON-EL",-4,NA,"14_2_11:13",25294
14,4,2,"10:02","SEA","STL","B.SILVERS","K.REYNOLDS",7,"pbp has throwaway","14_2_10:02",NA
14,4,2,"9:33","SEA","STL","B.SILVERS","A.PROEHL",4,NA,"14_2_9:33",NA
14,4,2,"8:59","STL","SEA","J.TA'AMU","M.LUCAS",-4,NA,"14_2_8:59",25336
14,4,2,"8:22","STL","SEA","J.TA'AMU","B.REILLY",24,NA,"14_2_8:22",28719
14,4,2,"5:34","STL","SEA","J.TA'AMU","B.REILLY",7,NA,"14_2_5:34",NA
14,4,2,"4:56","STL","SEA","J.TA'AMU","L.WASHINGTON",36,NA,"14_2_4:56",25393
14,4,2,"4:23","STL","SEA","J.TA'AMU","B.REILLY",15,NA,"14_2_4:23",25399
14,4,2,"3:51","STL","SEA","J.TA'AMU","L.WASHINGTON",8,NA,"14_2_3:51",25408
14,4,2,"1:42","SEA","STL","B.SILVERS","K.FARROW",-4,NA,"14_2_1:42",25463
14,4,2,"1:35","SEA","STL","B.SILVERS","K.FARROW",1,NA,"14_2_1:35",25478
14,4,2,"1:28","SEA","STL","B.SILVERS","K.REYNOLDS",4,NA,"14_2_1:28",25481
14,4,2,"1:14","SEA","STL","B.SILVERS","D.BYRD",5,NA,"14_2_1:14",NA
14,4,3,"13:20","SEA","STL","B.DANIELS","K.REYNOLDS",5,NA,"14_3_13:20",25563
14,4,3,"12:57","SEA","STL","B.DANIELS","D.BYRD",6,NA,"14_3_12:57",25570
14,4,3,"11:05","STL","SEA","J.TA'AMU","M.LUCAS",6,NA,"14_3_11:05",25596
14,4,3,"10:00","SEA","STL","B.DANIELS","B.JOHNSON",10,NA,"14_3_10:00",25619
14,4,3,"7:24","STL","SEA","J.TA'AMU","D.PIERSON-EL",11,NA,"14_3_7:24",25673
14,4,3,"5:37","STL","SEA","J.TA'AMU","B.REILLY",4,NA,"14_3_5:37",25701
14,4,3,"3:12","STL","SEA","J.TA'AMU","D.PIERSON-EL",5,NA,"14_3_3:12",25729
14,4,3,"2:14","STL","SEA","J.TA'AMU","M.JONES",-5,NA,"14_3_2:14",NA
14,4,3,"1:26","STL","SEA","J.TA'AMU","L.WASHINGTON",4,NA,"14_3_1:26",25754
14,4,3,"0:55","SEA","STL","B.DANIELS","A.MOORE",20,NA,"14_3_0:55",25787
14,4,4,"13:47","SEA","STL","K.REYNOLDS","A.PROEHL",-5,NA,"14_4_13:47",25811
14,4,4,"13:18","SEA","STL","B.DANIELS","E.RODRIGUEZ",9,NA,"14_4_13:18",25817
14,4,4,"13:09","STL","SEA","J.TA'AMU","B.REILLY",10,NA,"14_4_13:09",25841
14,4,4,"11:34","STL","SEA","J.TA'AMU","K.MUMPHERY",7,NA,"14_4_11:34",25864
14,4,4,"10:53","STL","SEA","J.TA'AMU","K.MUMPHERY",32,NA,"14_4_10:53",25876
14,4,4,"7:12","SEA","STL","B.DANIELS","J.SANTIAGO",-4,"jet sweep","14_4_7:12",25938
14,4,4,"6:45","SEA","STL","B.DANIELS","A.PROEHL",5,NA,"14_4_6:45",25943
14,4,4,"5:11","SEA","STL","B.DANIELS","D.BYRD",12,NA,"14_4_5:11",25964
14,4,4,"4:41","SEA","STL","B.DANIELS","C.HAMLETT",30,"pbp has K.REYNOLDS","14_4_4:41",25969
14,4,4,"4:11","SEA","STL","B.DANIELS","A.PROEHL",25,NA,"14_4_4:11",NA
14,4,4,"3:21","STL","SEA","J.TA'AMU","L.WASHINGTON",8,NA,"14_4_3:21",26002
14,4,4,"3:05","STL","SEA","J.TA'AMU","D.PIERSON-EL",12,NA,"14_4_3:05",26017
15,4,1,"15:00","HOU","DAL","P.WALKER","C.PHILLIPS",19,NA,"15_1_15:00",26065
15,4,1,"14:34","HOU","DAL","P.WALKER","K.LEWIS",5,NA,"15_1_14:34",NA
15,4,1,"13:54","HOU","DAL","P.WALKER","S.COATES",23,NA,"15_1_13:54",26096
15,4,1,"11:46","DAL","HOU","L.JONES","C.ARTIS-PAYNE",0,NA,"15_1_11:46",26192
15,4,1,"11:14","DAL","HOU","L.JONES","J.CROCKETT",22,NA,"15_1_11:14",26191
15,4,1,"11:01","HOU","DAL","P.WALKER","K.LEWIS",-3,NA,"15_1_11:01",26164
15,4,1,"9:45","HOU","DAL","P.WALKER","N.HOLLEY",13,NA,"15_1_9:45",26196
15,4,1,"9:15","HOU","DAL","P.WALKER","K.LEWIS",7,NA,"15_1_9:15",NA
15,4,1,"8:40","DAL","HOU","L.JONES","C.ARTIS-PAYNE",-1,NA,"15_1_8:40",26215
15,4,1,"7:05","DAL","HOU","L.JONES","D.PARHAM",4,NA,"15_1_7:05",26234
15,4,1,"6:44","DAL","HOU","L.JONES","F.NAGEL",14,NA,"15_1_6:44",26242
15,4,1,"6:07","DAL","HOU","L.JONES","J.FERGUSON",4,NA,"15_1_6:07",26267
15,4,1,"5:59","HOU","DAL","P.WALKER","N.HOLLEY",17,NA,"15_1_5:59",26261
15,4,1,"4:04","HOU","DAL","P.WALKER","N.HOLLEY",4,NA,"15_1_4:04",26283
15,4,1,"2:59","HOU","DAL","P.WALKER","K.LEWIS",12,NA,"15_1_2:59",26297
15,4,1,"1:14","DAL","HOU","L.JONES","J.CROCKETT",13,NA,"15_1_1:14",26342
15,4,1,"1:07","HOU","DAL","P.WALKER","C.PHILLIPS",8,NA,"15_1_1:07",26349
15,4,1,"0:27","HOU","DAL","P.WALKER","N.HOLLEY",7,NA,"15_1_0:27",26358
15,4,2,"15:00","HOU","DAL","P.WALKER","S.MOBLEY",0,NA,"15_2_15:00",26364
15,4,2,"14:35","HOU","DAL","P.WALKER","K.LEWIS",4,NA,"15_2_14:35",26372
15,4,2,"14:04","HOU","DAL","P.WALKER","N.HOLLEY",6,NA,"15_2_14:04",NA
15,4,2,"13:59","DAL","HOU","L.JONES","J.FERGUSON",-2,NA,"15_2_13:59",26384
15,4,2,"12:06","DAL","HOU","L.JONES","D.PARHAM",4,NA,"15_2_12:06",26434
15,4,2,"11:37","DAL","HOU","L.JONES","D.PARHAM",7,NA,"15_2_11:37",26440
15,4,2,"9:35","HOU","DAL","P.WALKER","K.LEWIS",2,NA,"15_2_9:35",26484
15,4,2,"8:31","HOU","DAL","P.WALKER","B.JACKSON",-4,NA,"15_2_8:31",26500
15,4,2,"7:38","DAL","HOU","L.JONES","C.ARTIS-PAYNE",-4,NA,"15_2_7:38",26520
15,4,2,"5:52","HOU","DAL","P.WALKER","S.MOBLEY",38,NA,"15_2_5:52",26555
15,4,2,"5:30","HOU","DAL","P.WALKER","A.WILLIAMS",-1,NA,"15_2_5:30",26563
15,4,2,"5:04","HOU","DAL","P.WALKER","A.WILLIAMS",-4,NA,"15_2_5:04",26570
15,4,2,"4:23","HOU","DAL","P.WALKER","N.HOLLEY",-3,NA,"15_2_4:23",NA
15,4,2,"3:45","HOU","DAL","P.WALKER","K.LEWIS",0,"batted at LOS","15_2_3:45",NA
15,4,2,"3:07","DAL","HOU","L.JONES","J.FERGUSON",-2,NA,"15_2_3:07",26595
15,4,2,"2:38","DAL","HOU","L.JONES","J.BADET",9,NA,"15_2_2:38",26603
15,4,2,"2:18","DAL","HOU","L.JONES","D.PARHAM",0,NA,"15_2_2:18",26619
15,4,2,"2:00","DAL","HOU","L.JONES","D.PARHAM",5,NA,"15_2_2:00",26627
15,4,2,"1:46","DAL","HOU","L.JONES","J.FERGUSON",8,NA,"15_2_1:46",26634
15,4,2,"1:27","DAL","HOU","L.JONES","J.BADET",10,NA,"15_2_1:27",NA
15,4,2,"1:21","DAL","HOU","L.JONES","J.FERGUSON",-3,NA,"15_2_1:21",26656
15,4,2,"1:06","DAL","HOU","L.JONES","L.DUNBAR",-4,NA,"15_2_1:06",26664
15,4,2,"0:36","HOU","DAL","P.WALKER","C.PHILLIPS",15,NA,"15_2_0:36",26694
15,4,2,"0:28","HOU","DAL","P.WALKER","N.HOLLEY",17,"pbp has 0:28","15_2_0:28",26701
15,4,2,"0:23","HOU","DAL","P.WALKER","N.HOLLEY",6,NA,"15_2_0:23",26708
15,4,2,"0:07","HOU","DAL","P.WALKER","K.LEWIS",13,NA,"15_2_0:07",26716
15,4,3,"14:53","DAL","HOU","L.JONES","C.ARTIS-PAYNE",-5,NA,"15_3_14:53",26739
15,4,3,"13:49","DAL","HOU","L.JONES","F.NAGEL",5,NA,"15_3_13:49",26752
15,4,3,"12:57","HOU","DAL","P.WALKER","K.LEWIS",0,"pass batted at LOS","15_3_12:57",NA
15,4,3,"12:32","HOU","DAL","P.WALKER","J.BUTLER",-7,NA,"15_3_12:32",NA
15,4,3,"12:02","HOU","DAL","P.WALKER","S.COATES",9,NA,"15_3_12:02",NA
15,4,3,"11:28","HOU","DAL","P.WALKER","K.LEWIS",29,NA,"15_3_11:28",26789
15,4,3,"11:00","HOU","DAL","P.WALKER","R.MALONE",14,NA,"15_3_11:00",26819
15,4,3,"10:02","DAL","HOU","L.JONES","D.PARHAM",8,NA,"15_3_10:02",26827
15,4,3,"9:32","HOU","DAL","P.WALKER","S.MOBLEY",10,NA,"15_3_9:32",28739
15,4,3,"6:55","HOU","DAL","P.WALKER","N.HOLLEY",18,NA,"15_3_6:55",NA
15,4,3,"6:28","HOU","DAL","P.WALKER","K.LEWIS",-2,NA,"15_3_6:28",26882
15,4,3,"5:59","HOU","DAL","P.WALKER","K.LEWIS",5,NA,"15_3_5:59",NA
15,4,3,"5:23","HOU","DAL","P.WALKER","B.JACKSON",19,NA,"15_3_5:23",26895
15,4,3,"3:51","DAL","HOU","L.JONES","D.PARHAM",5,NA,"15_3_3:51",NA
15,4,3,"3:17","DAL","HOU","L.JONES","D.PARHAM",5,NA,"15_3_3:17",NA
15,4,3,"2:50","DAL","HOU","L.JONES","F.NAGEL",18,NA,"15_3_2:50",26955
15,4,3,"2:12","DAL","HOU","L.JONES","L.DUNBAR",-3,"pbp has throwaway","15_3_2:12",26960
15,4,3,"1:50","DAL","HOU","L.JONES","L.DUNBAR",-3,NA,"15_3_1:50",NA
15,4,3,"1:05","DAL","HOU","L.JONES","F.NAGEL",3,NA,"15_3_1:05",26975
15,4,3,"0:29","HOU","DAL","P.WALKER","N.HOLLEY",7,NA,"15_3_0:29",27002
15,4,4,"15:00","HOU","DAL","P.WALKER","K.LEWIS",-1,NA,"15_4_15:00",27007
15,4,4,"14:35","HOU","DAL","P.WALKER","S.COATES",-3,NA,"15_4_14:35",NA
15,4,4,"12:21","DAL","HOU","L.JONES","F.NAGEL",8,NA,"15_4_12:21",27043
15,4,4,"11:32","DAL","HOU","L.JONES","C.ARTIS-PAYNE",-4,NA,"15_4_11:32",27084
15,4,4,"11:10","DAL","HOU","L.JONES","J.BADET",6,NA,"15_4_11:10",27089
15,4,4,"10:50","DAL","HOU","L.JONES","C.ARTIS-PAYNE",-9,NA,"15_4_10:50",NA
15,4,4,"9:28","HOU","DAL","P.WALKER","B.JACKSON",19,NA,"15_4_9:28",27132
15,4,4,"8:04","DAL","HOU","L.JONES","J.BADET",13,NA,"15_4_8:04",27146
15,4,4,"7:40","DAL","HOU","L.JONES","D.PARHAM",10,NA,"15_4_7:40",27155
15,4,4,"7:10","DAL","HOU","L.JONES","C.ARTIS-PAYNE",0,NA,"15_4_7:10",28744
15,4,4,"6:10","DAL","HOU","L.JONES","C.ARTIS-PAYNE",-4,NA,"15_4_6:10",27173
15,4,4,"5:48","DAL","HOU","L.JONES","F.NAGEL",1,NA,"15_4_5:48",27180
15,4,4,"5:12","DAL","HOU","L.JONES","D.PARHAM",6,NA,"15_4_5:12",28743
15,4,4,"4:19","DAL","HOU","P.NELSON","J.BADET",14,NA,"15_4_4:19",27198
15,4,4,"3:49","DAL","HOU","P.NELSON","J.BADET",5,NA,"15_4_3:49",NA
15,4,4,"3:25","DAL","HOU","P.NELSON","F.MARTINO",4,NA,"15_4_3:25",27219
15,4,4,"2:00","DAL","HOU","P.NELSON","F.NAGEL",0,"pbp has this as a qb fumble lol","15_4_2:00",27334
15,4,4,"1:47","HOU","DAL","P.WALKER","R.MALONE",6,NA,"15_4_1:47",27271
15,4,4,"0:40","HOU","DAL","P.WALKER","R.MALONE",2,NA,"15_4_0:40",27290
16,4,1,"13:44","DC","TB","C.JONES","D.THOMPKINS",19,NA,"16_1_13:44",27324
16,4,1,"13:04","TB","DC","T.CORNELIUS","J.TOLLIVER",-2,NA,"16_1_13:04",27340
16,4,1,"12:18","TB","DC","T.CORNELIUS","J.TOLLIVER",4,NA,"16_1_12:18",27354
16,4,1,"12:00","TB","DC","T.CORNELIUS","D.WILLIAMS",35,NA,"16_1_12:00",27362
16,4,1,"8:28","DC","TB","C.JONES","E.ROGERS",-2,NA,"16_1_8:28",27436
16,4,1,"7:19","DC","TB","C.JONES","D.PUMPHREY",5,NA,"16_1_7:19",27455
16,4,1,"3:38","TB","DC","T.CORNELIUS","D.WILLIAMS",6,NA,"16_1_3:38",27513
16,4,1,"3:07","TB","DC","T.CORNELIUS","D.WILLIAMS",33,NA,"16_1_3:07",27518
16,4,1,"2:39","TB","DC","T.CORNELIUS","D.SMITH",2,NA,"16_1_2:39",NA
16,4,1,"1:51","TB","DC","T.CORNELIUS","D.SMITH",2,NA,"16_1_1:51",NA
16,4,1,"1:20","TB","DC","T.CORNELIUS","R.HORN",2,NA,"16_1_1:20",NA
16,4,2,"14:49","TB","DC","T.CORNELIUS","R.DAVIS",-4,"jet sweep","16_2_14:49",27589
16,4,2,"14:11","TB","DC","T.CORNELIUS","D.WILLIAMS",13,NA,"16_2_14:11",NA
16,4,2,"13:41","TB","DC","T.CORNELIUS","D.GOOLSBY",11,NA,"16_2_13:41",27602
16,4,2,"13:26","DC","TB","C.JONES","E.ROGERS",6,NA,"16_2_13:26",27631
16,4,2,"12:50","DC","TB","C.JONES","R.ROSS",41,NA,"16_2_12:50",28750
16,4,2,"12:19","DC","TB","C.JONES","E.ROGERS",7,NA,"16_2_12:19",27651
16,4,2,"11:50","DC","TB","C.JONES","R.ROSS",6,NA,"16_2_11:50",27653
16,4,2,"10:54","DC","TB","C.JONES","D.PUMPHREY",-2,NA,"16_2_10:54",27670
16,4,2,"10:27","DC","TB","C.JONES","M.DUPRE",11,NA,"16_2_10:27",27675
16,4,2,"9:18","DC","TB","C.JONES","M.DUPRE",25,NA,"16_2_9:18",NA
16,4,2,"7:50","TB","DC","T.CORNELIUS","D.WILLIAMS",11,NA,"16_2_7:50",27715
16,4,2,"7:13","TB","DC","T.CORNELIUS","R.HORN",-2,NA,"16_2_7:13",NA
16,4,2,"6:23","TB","DC","T.CORNELIUS","D.GOOLSBY",10,NA,"16_2_6:23",27738
16,4,2,"5:49","TB","DC","T.CORNELIUS","S.GREEN",6,NA,"16_2_5:49",27744
16,4,2,"5:21","TB","DC","T.CORNELIUS","D.SMITH",-4,NA,"16_2_5:21",NA
16,4,2,"4:38","TB","DC","T.CORNELIUS","R.DAVIS",-3,NA,"16_2_4:38",NA
16,4,2,"3:33","DC","TB","C.JONES","R.ROSS",5,NA,"16_2_3:33",27797
16,4,2,"3:10","DC","TB","C.JONES","R.ROSS",14,NA,"16_2_3:10",27804
16,4,2,"2:34","DC","TB","C.JONES","D.THOMPKINS",39,NA,"16_2_2:34",27810
16,4,2,"2:00","DC","TB","C.JONES","E.ROGERS",7,NA,"16_2_2:00",27818
16,4,2,"1:56","DC","TB","C.JONES","E.ROGERS",23,NA,"16_2_1:56",27824
16,4,3,"14:33","TB","DC","T.CORNELIUS","D.WILLIAMS",-3,NA,"16_3_14:33",NA
16,4,3,"12:44","TB","DC","T.CORNELIUS","D.WILLIAMS",-3,NA,"16_3_12:44",27918
16,4,3,"12:05","TB","DC","T.CORNELIUS","R.HORN",-3,NA,"16_3_12:05",NA
16,4,3,"11:30","TB","DC","T.CORNELIUS","R.HORN",1,NA,"16_3_11:30",NA
16,4,3,"9:26","DC","TB","C.JONES","E.ROGERS",5,NA,"16_3_9:26",NA
16,4,3,"8:19","TB","DC","T.CORNELIUS","J.TOLLIVER",18,NA,"16_3_8:19",27988
16,4,3,"7:42","TB","DC","T.CORNELIUS","D.GOOLSBY",9,NA,"16_3_7:42",NA
16,4,3,"7:11","TB","DC","T.CORNELIUS","R.HORN",-3,NA,"16_3_7:11",NA
16,4,3,"6:49","TB","DC","T.CORNELIUS","R.HORN",20,NA,"16_3_6:49",NA
16,4,3,"6:38","DC","TB","C.JONES","E.ROGERS",20,NA,"16_3_6:38",28024
16,4,3,"5:41","DC","TB","C.JONES","R.ROSS",31,NA,"16_3_5:41",28751
16,4,3,"5:03","TB","DC","T.CORNELIUS","D.WILLIAMS",-3,NA,"16_3_5:03",NA
16,4,3,"3:52","DC","TB","C.JONES","D.THOMPKINS",8,NA,"16_3_3:52",28098
16,4,3,"1:14","TB","DC","T.CORNELIUS","D.WILLIAMS",-3,NA,"16_3_1:14",28159
16,4,4,"14:28","TB","DC","T.CORNELIUS","D.WILLIAMS",-2,NA,"16_4_14:28",NA
16,4,4,"14:04","TB","DC","T.CORNELIUS","J.TOLLIVER",-2,NA,"16_4_14:04",NA
16,4,4,"12:24","TB","DC","T.CORNELIUS","C.THOMPSON",10,NA,"16_4_12:24",NA
16,4,4,"10:44","TB","DC","T.CORNELIUS","D.WILLIAMS",8,NA,"16_4_10:44",28243
16,4,4,"10:04","DC","TB","C.JONES","D.PUMPHREY",-1,NA,"16_4_10:04",28264
16,4,4,"9:33","DC","TB","C.JONES","R.ROSS",43,NA,"16_4_9:33",28270
16,4,4,"8:29","DC","TB","C.JONES","R.ROSS",-1,NA,"16_4_8:29",28285
16,4,4,"7:07","DC","TB","T.JACKSON","E.ROGERS",-3,NA,"16_4_7:07",NA
16,4,4,"3:47","DC","TB","T.JACKSON","E.ROGERS",4,NA,"16_4_3:47",28348
17,5,1,"14:53","HOU","SEA","P.WALKER","C.PHILLIPS",24,NA,"17_1_14:53",28776
17,5,1,"14:24","HOU","SEA","P.WALKER","S.MOBLEY",-1,NA,"17_1_14:24",28784
17,5,1,"13:59","HOU","SEA","P.WALKER","C.PHILLIPS",4,NA,"17_1_13:59",28793
17,5,1,"12:46","HOU","SEA","P.WALKER","N.HOLLEY",12,NA,"17_1_12:46",NA
17,5,1,"12:16","HOU","SEA","P.WALKER","C.PHILLIPS",4,NA,"17_1_12:16",28813
17,5,1,"10:14","SEA","HOU","B.DANIELS","D.BYRD",3,NA,"17_1_10:14",28850
17,5,1,"8:32","SEA","HOU","B.DANIELS","B.JOHNSON",-2,NA,"17_1_8:32",28884
17,5,1,"7:29","SEA","HOU","B.DANIELS","A.MOORE",34,NA,"17_1_7:29",28888
17,5,1,"6:43","SEA","HOU","B.DANIELS","C.HAMLETT",18,NA,"17_1_6:43",28911
17,5,1,"6:21","SEA","HOU","B.DANIELS","A.PROEHL",5,NA,"17_1_6:21",28918
17,5,1,"2:14","HOU","SEA","P.WALKER","C.PHILLIPS",6,NA,"17_1_2:14",NA
17,5,1,"1:41","HOU","SEA","P.WALKER","K.LEWIS",5,NA,"17_1_1:41",28994
17,5,1,"11:15","HOU","SEA","P.WALKER","S.MOBLEY",11,NA,"17_1_11:15",NA
17,5,2,"14:24","HOU","SEA","P.WALKER","S.MOBLEY",11,NA,"17_2_14:24",29043
17,5,2,"12:49","SEA","HOU","B.DANIELS","A.MOORE",-3,NA,"17_2_12:49",NA
17,5,2,"12:14","SEA","HOU","B.DANIELS","A.MOORE",3,NA,"17_2_12:14",NA
17,5,2,"10:02","SEA","HOU","B.DANIELS","E.RODRIGUEZ",6,NA,"17_2_10:02",29122
17,5,2,"8:43","HOU","SEA","P.WALKER","K.LEWIS",0,NA,"17_2_8:43",NA
17,5,2,"8:03","HOU","SEA","P.WALKER","C.PHILLIPS",-3,NA,"17_2_8:03",29166
17,5,2,"7:27","HOU","SEA","P.WALKER","N.HOLLEY",4,NA,"17_2_7:27",29173
17,5,2,"6:27","HOU","SEA","P.WALKER","N.HOLLEY",12,NA,"17_2_6:27",NA
17,5,2,"5:21","SEA","HOU","B.DANIELS","D.BYRD",27,NA,"17_2_5:21",NA
17,5,2,"5:02","SEA","HOU","B.DANIELS","C.HAMLETT",5,NA,"17_2_5:02",NA
17,5,2,"3:43","SEA","HOU","B.DANIELS","K.REYNOLDS",10,NA,"17_2_3:43",29251
17,5,2,"3:17","SEA","HOU","B.DANIELS","D.BYRD",3,NA,"17_2_3:17",29258
17,5,2,"2:33","HOU","SEA","P.WALKER","S.MOBLEY",40,NA,"17_2_2:33",29289
17,5,2,"2:09","HOU","SEA","P.WALKER","C.PHILLIPS",10,NA,"17_2_2:09",NA
17,5,2,"1:37","HOU","SEA","P.WALKER","C.PHILLIPS",13,NA,"17_2_1:37",29305
17,5,2,"1:15","HOU","SEA","P.WALKER","B.JACKSON",3,NA,"17_2_1:15",29312
17,5,3,"14:31","SEA","HOU","B.DANIELS","K.REYNOLDS",4,NA,"17_3_14:31",29445
17,5,3,"14:12","SEA","HOU","B.DANIELS","A.PROEHL",9,NA,"17_3_14:12",29461
17,5,3,"13:07","SEA","HOU","B.DANIELS","A.MOORE",8,NA,"17_3_13:07",29496
17,5,3,"12:42","SEA","HOU","B.DANIELS","A.PROEHL",30,NA,"17_3_12:42",29551
17,5,3,"10:08","HOU","SEA","P.WALKER","J.BUTLER",-5,NA,"17_3_10:08",29603
17,5,3,"9:15","HOU","SEA","P.WALKER","S.MOBLEY",4,NA,"17_3_9:15",NA
17,5,3,"8:49","HOU","SEA","P.WALKER","J.BUTLER",-4,NA,"17_3_8:49",29690
17,5,3,"8:04","HOU","SEA","P.WALKER","C.PHILLIPS",41,NA,"17_3_8:04",NA
17,5,3,"3:14","HOU","SEA","P.WALKER","N.HOLLEY",5,NA,"17_3_3:14",29863
17,5,3,"2:43","HOU","SEA","P.WALKER","C.PHILLIPS",15,NA,"17_3_2:43",29877
17,5,3,"1:35","HOU","SEA","P.WALKER","S.MOBLEY",23,NA,"17_3_1:35",NA
17,5,3,"0:50","SEA","HOU","B.DANIELS","C.JETER",3,NA,"17_3_0:50",29985
17,5,4,"14:49","HOU","SEA","P.WALKER","S.MOBLEY",-4,NA,"17_4_14:49",30023
17,5,4,"14:22","HOU","SEA","P.WALKER","K.LEWIS",0,NA,"17_4_14:22",NA
17,5,4,"13:50","HOU","SEA","P.WALKER","K.LEWIS",0,NA,"17_4_13:50",NA
17,5,4,"13:21","HOU","SEA","P.WALKER","S.MOBLEY",5,NA,"17_4_13:21",30065
17,5,4,"12:48","HOU","SEA","P.WALKER","R.MALONE",4,NA,"17_4_12:48",30076
17,5,4,"11:44","HOU","SEA","P.WALKER","N.HOLLEY",8,NA,"17_4_11:44",NA
17,5,4,"9:36","HOU","SEA","P.WALKER","K.LEWIS",5,NA,"17_4_9:36",NA
17,5,4,"9:07","HOU","SEA","P.WALKER","C.PHILLIPS",5,NA,"17_4_9:07",NA
17,5,4,"8:20","SEA","HOU","B.DANIELS","R.MWEHLA",4,NA,"17_4_8:20",30234
17,5,4,"7:42","SEA","HOU","B.DANIELS","R.MWEHLA",7,NA,"17_4_7:42",30245
17,5,4,"6:33","HOU","SEA","P.WALKER","S.MOBLEY",23,NA,"17_4_6:33",30294
17,5,4,"6:05","HOU","SEA","P.WALKER","R.MALONE",-2,NA,"17_4_6:05",NA
17,5,4,"5:39","HOU","SEA","P.WALKER","C.PHILLIPS",10,NA,"17_4_5:39",30315
17,5,4,"4:35","HOU","SEA","P.WALKER","J.BUTLER",-5,NA,"17_4_4:35",NA
17,5,4,"3:36","HOU","SEA","P.WALKER","C.PHILLIPS",7,NA,"17_4_3:36",30373
17,5,4,"3:22","SEA","HOU","B.DANIELS","A.PROEHL",15,NA,"17_4_3:22",30415
17,5,4,"2:51","SEA","HOU","B.DANIELS","A.PROEHL",3,NA,"17_4_2:51",30427
17,5,4,"2:32","SEA","HOU","B.DANIELS","K.REYNOLDS",10,NA,"17_4_2:32",30435
17,5,4,"1:37","HOU","SEA","P.WALKER","C.PHILLIPS",33,NA,"17_4_1:37",30514
18,5,1,"14:33","DAL","NY","P.NELSON","L.DUNBAR",-2,NA,"18_1_14:33",30591
18,5,1,"14:12","DAL","NY","P.NELSON","J.BADET",9,NA,"18_1_14:12",NA
18,5,1,"13:52","DAL","NY","P.NELSON","F.MARTINO",30,NA,"18_1_13:52",NA
18,5,1,"12:34","DAL","NY","P.NELSON","D.PARHAM",14,NA,"18_1_12:34",NA
18,5,1,"12:13","DAL","NY","P.NELSON","F.NAGEL",5,NA,"18_1_12:13",30649
18,5,1,"11:10","DAL","NY","P.NELSON","D.PARHAM",8,NA,"18_1_11:10",NA
18,5,1,"8:29","NY","DAL","L.PEREZ","D.VICTOR",-3,NA,"18_1_8:29",30709
18,5,1,"7:11","NY","DAL","L.PEREZ","J.HORN",8,NA,"18_1_7:11",NA
18,5,1,"6:32","DAL","NY","P.NELSON","J.BADET",-2,NA,"18_1_6:32",30748
18,5,1,"6:09","DAL","NY","P.NELSON","C.ARTIS-PAYNE",3,NA,"18_1_6:09",30755
18,5,1,"5:35","DAL","NY","P.NELSON","S.PRICE",1,NA,"18_1_5:35",NA
18,5,1,"5:05","DAL","NY","P.NELSON","F.NAGEL",-4,NA,"18_1_5:05",30783
18,5,1,"4:37","DAL","NY","P.NELSON","L.DUNBAR",0,NA,"18_1_4:37",NA
18,5,1,"4:04","DAL","NY","P.NELSON","F.MARTINO",28,NA,"18_1_4:04",30787
18,5,1,"3:04","NY","DAL","L.PEREZ","J.HORN",21,NA,"18_1_3:04",NA
18,5,1,"2:42","NY","DAL","L.PEREZ","M.MCKAY",22,NA,"18_1_2:42",30818
18,5,1,"2:14","NY","DAL","L.PEREZ","N/A",10,NA,"18_1_2:14",NA
18,5,1,"0:30","DAL","NY","P.NELSON","C.ARTIS-PAYNE",0,NA,"18_1_0:30",30856
18,5,2,"14:16","NY","DAL","L.PEREZ","E.BIBBS",3,NA,"18_2_14:16",30877
18,5,2,"13:38","NY","DAL","L.PEREZ","M.MCKAY",23,NA,"18_2_13:38",NA
18,5,2,"12:58","NY","DAL","L.PEREZ","C.PEARSON",9,NA,"18_2_12:58",NA
18,5,2,"11:55","NY","DAL","L.PEREZ","T.REDDING",17,NA,"18_2_11:55",30908
18,5,2,"9:59","NY","DAL","L.PEREZ","T.REDDING",8,NA,"18_2_9:59",30926
18,5,2,"9:27","NY","DAL","L.PEREZ","A.DUKE",5,NA,"18_2_9:27",30931
18,5,2,"9:00","NY","DAL","L.PEREZ","N/A",0,NA,"18_2_9:00",30939
18,5,2,"8:27","DAL","NY","P.NELSON","L.DUNBAR",-4,NA,"18_2_8:27",30961
18,5,2,"8:00","DAL","NY","P.NELSON","L.DUNBAR",2,NA,"18_2_8:00",30973
18,5,2,"6:46","DAL","NY","P.NELSON","J.CROCKETT",9,NA,"18_2_6:46",NA
18,5,2,"6:27","DAL","NY","P.NELSON","J.FERGUSON",12,NA,"18_2_6:27",30989
18,5,2,"5:53","DAL","NY","P.NELSON","J.BADET",10,NA,"18_2_5:53",NA
18,5,2,"5:10","DAL","NY","P.NELSON","J.BADET",30,NA,"18_2_5:10",NA
18,5,2,"2:20","NY","DAL","L.PEREZ","M.MCKAY",27,NA,"18_2_2:20",NA
18,5,2,"2:00","NY","DAL","L.PEREZ","J.HORN",7,NA,"18_2_2:00",31054
18,5,2,"1:56","NY","DAL","L.PEREZ","J.STOCKTON",3,NA,"18_2_1:56",31061
18,5,2,"1:32","NY","DAL","L.PEREZ","C.PEARSON",0,NA,"18_2_1:32",31071
18,5,2,"1:25","DAL","NY","P.NELSON","J.BADET",4,NA,"18_2_1:25",31080
18,5,2,"1:21","DAL","NY","P.NELSON","F.MARTINO",1,NA,"18_2_1:21",31087
18,5,2,"1:01","DAL","NY","P.NELSON","C.ARTIS-PAYNE",-4,NA,"18_2_1:01",31104
18,5,2,"0:25","DAL","NY","P.NELSON","D.PARHAM",19,NA,"18_2_0:25",31125
18,5,2,"0:16","DAL","NY","P.NELSON","D.PARHAM",18,NA,"18_2_0:16",31132
18,5,2,"0:10","DAL","NY","P.NELSON","J.FERGUSON",18,NA,"18_2_0:10",31137
18,5,3,"14:22","NY","DAL","L.PEREZ","M.MCKAY",11,NA,"18_3_14:22",NA
18,5,3,"13:55","NY","DAL","L.PEREZ","M.MCKAY",15,NA,"18_3_13:55",NA
18,5,3,"13:15","NY","DAL","L.PEREZ","T.REDDING",10,NA,"18_3_13:15",NA
18,5,3,"12:37","NY","DAL","L.PEREZ","M.MCKAY",5,NA,"18_3_12:37",31202
18,5,3,"11:27","NY","DAL","L.PEREZ","T.REDDING",1,NA,"18_3_11:27",31215
18,5,3,"10:17","DAL","NY","P.NELSON","J.BADET",5,NA,"18_3_10:17",NA
18,5,3,"9:59","DAL","NY","P.NELSON","L.DUNBAR",-4,"first pass","18_3_9:59",31271
18,5,3,"9:59","DAL","NY","P.NELSON","J.FERGUSON",12,"second pass","18_3_9:59",31271
18,5,3,"7:40","NY","DAL","L.PEREZ","J.POWELL",-3,NA,"18_3_7:40",31307
18,5,3,"7:10","NY","DAL","L.PEREZ","T.REDDING",10,NA,"18_3_7:10",31316
18,5,3,"6:39","NY","DAL","L.PEREZ","M.MCKAY",16,NA,"18_3_6:39",31335
18,5,3,"6:31","DAL","NY","P.NELSON","C.ARTIS-PAYNE",13,NA,"18_3_6:31",31341
18,5,3,"5:27","DAL","NY","P.NELSON","F.NAGEL",4,NA,"18_3_5:27",31368
18,5,3,"4:57","DAL","NY","P.NELSON","F.NAGEL",2,NA,"18_3_4:57",NA
18,5,3,"4:25","DAL","NY","P.NELSON","J.FERGUSON",27,NA,"18_3_4:25",NA
18,5,3,"3:59","DAL","NY","P.NELSON","F.NAGEL",1,NA,"18_3_3:59",NA
18,5,3,"3:31","NY","DAL","L.PEREZ","C.PEARSON",32,NA,"18_3_3:31",31394
18,5,3,"3:11","DAL","NY","P.NELSON","D.PARHAM",1,NA,"18_3_3:11",31420
18,5,3,"2:48","DAL","NY","P.NELSON","J.BADET",-4,"INT","18_3_2:48",31429
18,5,3,"0:52","NY","DAL","L.PEREZ","D.VICTOR",-2,NA,"18_3_0:52",31498
18,5,4,"15:00","NY","DAL","L.PEREZ","C.PEARSON",8,NA,"18_4_15:00",31515
18,5,4,"12:21","NY","DAL","L.PEREZ","C.PEARSON",5,NA,"18_4_12:21",31565
18,5,4,"11:31","NY","DAL","L.PEREZ","J.POWELL",6,NA,"18_4_11:31",31572
18,5,4,"9:33","NY","DAL","L.PEREZ","C.PEARSON",3,NA,"18_4_9:33",31593
18,5,4,"8:41","DAL","NY","P.NELSON","J.CROCKETT",3,NA,"18_4_8:41",31615
18,5,4,"8:21","DAL","NY","P.NELSON","J.BADET",2,NA,"18_4_8:21",31620
18,5,4,"7:56","DAL","NY","P.NELSON","F.NAGEL",13,NA,"18_4_7:56",31627
18,5,4,"6:58","DAL","NY","P.NELSON","J.CROCKETT",4,NA,"18_4_6:58",31642
18,5,4,"6:02","DAL","NY","P.NELSON","D.PARHAM",2,NA,"18_4_6:02",NA
18,5,4,"5:44","DAL","NY","P.NELSON","D.PARHAM",4,NA,"18_4_5:44",NA
18,5,4,"3:11","DAL","NY","P.NELSON","F.NAGEL",4,NA,"18_4_3:11",31731
18,5,4,"2:51","DAL","NY","P.NELSON","J.CROCKETT",4,NA,"18_4_2:51",31738
18,5,4,"2:29","DAL","NY","P.NELSON","D.PARHAM",5,NA,"18_4_2:29",31750
18,5,4,"2:09","DAL","NY","P.NELSON","D.PARHAM",3,NA,"18_4_2:09",31752
18,5,4,"1:56","DAL","NY","P.NELSON","F.NAGEL",20,NA,"18_4_1:56",31789
18,5,4,"1:50","DAL","NY","P.NELSON","A.WALTER",-3,NA,"18_4_1:50",31788
18,5,4,"1:39","DAL","NY","P.NELSON","A.WALTER",-3,NA,"18_4_1:39",31784
18,5,4,"1:33","DAL","NY","P.NELSON","J.CROCKETT",10,NA,"18_4_1:33",31791
18,5,4,"1:30","DAL","NY","P.NELSON","F.NAGEL",3,NA,"18_4_1:30",31798
18,5,4,"1:18","DAL","NY","P.NELSON","A.WALTER",4,NA,"18_4_1:18",31805
19,5,1,"12:31","DC","STL","C.JONES","D.THOMPKINS",20,NA,"19_1_12:31",31890
19,5,1,"11:58","STL","DC","J.TA'AMU","L.WASHINGTON",39,NA,"19_1_11:58",31905
19,5,1,"8:37","DC","STL","C.JONES","J.PRESSLEY",26,NA,"19_1_8:37",31960
19,5,1,"3:46","STL","DC","J.TA'AMU","M.JONES",-2,NA,"19_1_3:46",32035
19,5,1,"1:02","DC","STL","T.JACKSON","K.LEE",9,NA,"19_1_1:02",32084
19,5,1,"0:51","STL","DC","J.TA'AMU","A.RUSSELL",-3,NA,"19_1_0:51",32114
19,5,1,"0:24","STL","DC","J.TA'AMU","L.WASHINGTON",16,NA,"19_1_0:24",32117
19,5,1,"0:04","STL","DC","J.TA'AMU","B.REILLY",10,NA,"19_1_0:04",32126
19,5,2,"15:00","STL","DC","J.TA'AMU","M.LUCAS",0,NA,"19_2_15:00",32136
19,5,2,"12:33","STL","DC","J.TA'AMU","C.MICHAEL",-7,NA,"19_2_12:33",32172
19,5,2,"10:57","STL","DC","J.TA'AMU","M.LUCAS",16,NA,"19_2_10:57",32196
19,5,2,"10:12","STL","DC","J.TA'AMU","L.WASHINGTON",12,NA,"19_2_10:12",32203
19,5,2,"8:39","DC","STL","T.JACKSON","R.ROSS",14,"pbp has throwaway","19_2_8:39",32236
19,5,2,"7:36","STL","DC","J.TA'AMU","L.WASHINGTON",6,NA,"19_2_7:36",32284
19,5,2,"7:09","STL","DC","J.TA'AMU","D.PIERSON-EL",13,NA,"19_2_7:09",NA
19,5,2,"5:21","DC","STL","T.JACKSON","K.LEE",-9,NA,"19_2_5:21",32311
19,5,2,"2:16","DC","STL","T.JACKSON","E.ROGERS",-3,NA,"19_2_2:16",32354
19,5,2,"1:14","STL","DC","J.TA'AMU","A.RUSSELL",14,NA,"19_2_1:14",32398
19,5,2,"1:07","STL","DC","J.TA'AMU","M.LUCAS",-3,NA,"19_2_1:07",NA
19,5,2,"1:03","STL","DC","J.TA'AMU","M.LUCAS",5,NA,"19_2_1:03",32444
19,5,3,"11:19","DC","STL","T.JACKSON","J.PRESSLEY",-2,NA,"19_3_11:19",32538
19,5,3,"10:41","DC","STL","T.JACKSON","J.PRESSLEY",2,NA,"19_3_10:41",32533
19,5,3,"9:39","STL","DC","J.TA'AMU","L.WASHINGTON",-1,NA,"19_3_9:39",NA
19,5,3,"9:06","STL","DC","J.TA'AMU","L.WASHINGTON",4,NA,"19_3_9:06",32578
19,5,3,"7:04","STL","DC","J.TA'AMU","K.FORD",-3,NA,"19_3_7:04",32611
19,5,3,"6:41","DC","STL","T.JACKSON","J.PRESSLEY",1,NA,"19_3_6:41",32626
19,5,3,"6:13","DC","STL","T.JACKSON","R.ROSS",7,NA,"19_3_6:13",32643
19,5,3,"4:07","DC","STL","T.JACKSON","N.BROSSETTE",0,"throwaway","19_3_4:07",32668
19,5,3,"3:41","DC","STL","T.JACKSON","D.THOMPKINS",-1,NA,"19_3_3:41",32673
19,5,3,"2:46","STL","DC","J.TA'AMU","M.LUCAS",5,NA,"19_3_2:46",32704
19,5,3,"1:51","STL","DC","J.TA'AMU","A.RUSSELL",5,NA,"19_3_1:51",32717
19,5,3,"0:32","STL","DC","J.TA'AMU","L.WASHINGTON",26,NA,"19_3_0:32",32737
19,5,3,"0:15","STL","DC","J.TA'AMU","D.PIERSON-EL",-3,NA,"19_3_0:15",32744
19,5,4,"13:05","DC","STL","T.JACKSON","R.ROSS",3,NA,"19_4_13:05",32780
19,5,4,"8:28","DC","STL","T.JACKSON","M.DUPRE",9,NA,"19_4_8:28",32837
19,5,4,"6:33","STL","DC","J.TA'AMU","D.PIERSON-EL",-4,NA,"19_4_6:33",NA
19,5,4,"6:04","STL","DC","J.TA'AMU","A.RUSSELL",12,NA,"19_4_6:04",32875
19,5,4,"5:28","DC","STL","T.JACKSON","N/A",0,NA,"19_4_5:28",32891
19,5,4,"3:56","DC","STL","T.JACKSON","K.LEE",3,NA,"19_4_3:56",32914
19,5,4,"3:28","STL","DC","J.TA'AMU","L.WASHINGTON",27,NA,"19_4_3:28",32934
19,5,4,"2:47","STL","DC","J.TA'AMU","M.LUCAS",-2,NA,"19_4_2:47",32952
20,5,1,"14:54","LA","TB","J.JOHNSON","S.BLACKNALL",5,NA,"20_1_14:54",33032
20,5,1,"14:27","TB","LA","T.CORNELIUS","N.TRUESDELL",3,NA,"20_1_14:27",33059
20,5,1,"12:08","LA","TB","J.JOHNSON","D.HARRIS",6,NA,"20_1_12:08",33094
20,5,1,"9:59","LA","TB","J.JOHNSON","A.JENNINGS",29,NA,"20_1_9:59",33133
20,5,1,"8:14","TB","LA","T.CORNELIUS","J.TOLLIVER",20,NA,"20_1_8:14",33162
20,5,1,"6:40","TB","LA","T.CORNELIUS","J.TOLLIVER",8,NA,"20_1_6:40",33183
20,5,1,"6:17","TB","LA","T.CORNELIUS","R.HORN",3,NA,"20_1_6:17",33192
20,5,1,"4:28","LA","TB","J.JOHNSON","D.WINSTON",-6,NA,"20_1_4:28",33246
20,5,1,"3:41","LA","TB","J.JOHNSON","T.MCBRIDE",22,NA,"20_1_3:41",33260
20,5,1,"1:37","TB","LA","T.CORNELIUS","D.WILLIAMS",16,NA,"20_1_1:37",33300
20,5,2,"12:46","LA","TB","J.JOHNSON","L.ROSE",0,NA,"20_2_12:46",33390
20,5,2,"12:11","LA","TB","J.JOHNSON","L.ROSE",5,NA,"20_2_12:11",33405
20,5,2,"11:07","LA","TB","J.JOHNSON","J.SMALLWOOD",17,NA,"20_2_11:07",33417
20,5,2,"10:12","TB","LA","T.CORNELIUS","R.HORN",3,NA,"20_2_10:12",33460
20,5,2,"9:29","TB","LA","T.CORNELIUS","R.HORN",4,NA,"20_2_9:29",33476
20,5,2,"8:14","TB","LA","T.CORNELIUS","J.PATRICK",-4,NA,"20_2_8:14",33508
20,5,2,"6:35","TB","LA","T.CORNELIUS","J.TOLLIVER",16,NA,"20_2_6:35",33533
20,5,2,"6:23","LA","TB","J.JOHNSON","T.MCBRIDE",-1,NA,"20_2_6:23",NA
20,5,2,"5:47","LA","TB","J.JOHNSON","J.SMALLWOOD",14,NA,"20_2_5:47",33563
20,5,2,"5:15","LA","TB","J.JOHNSON","A.JENNINGS",15,NA,"20_2_5:15",33572
20,5,2,"4:07","LA","TB","J.JOHNSON","J.SMALLWOOD",4,NA,"20_2_4:07",33590
20,5,2,"2:54","LA","TB","J.JOHNSON","J.SMALLWOOD",13,NA,"20_2_2:54",33611
20,5,2,"2:19","LA","TB","J.JOHNSON","J.GREENE",3,NA,"20_2_2:19",33618
20,5,2,"2:00","LA","TB","J.JOHNSON","M.CARTER",-5,NA,"20_2_2:00",33624
20,5,2,"1:55","LA","TB","J.JOHNSON","D.HAMPTON",9,NA,"20_2_1:55",33630
20,5,2,"1:20","TB","LA","T.CORNELIUS","J.TOLLIVER",16,NA,"20_2_1:20",33670
20,5,2,"1:03","LA","TB","J.JOHNSON","S.BLACKNALL",45,NA,"20_2_1:03",33691
20,5,2,"0:38","LA","TB","J.JOHNSON","M.BARNES",8,NA,"20_2_0:38",33693
20,5,2,"0:22","TB","LA","T.CORNELIUS","J.TOLLIVER",13,NA,"20_2_0:22",33730
20,5,2,"0:08","TB","LA","T.CORNELIUS","J.TOLLIVER",27,"pbp has throwaway","20_2_0:08",33753
20,5,3,"14:33","TB","LA","T.CORNELIUS","R.HORN",-3,NA,"20_3_14:33",33780
20,5,3,"14:01","TB","LA","T.CORNELIUS","D.WILLIAMS",7,NA,"20_3_14:01",33787
20,5,3,"13:09","TB","LA","T.CORNELIUS","D.SMITH",-6,NA,"20_3_13:09",33801
20,5,3,"11:37","LA","TB","J.JOHNSON","M.CARTER",11,NA,"20_3_11:37",33829
20,5,3,"10:23","LA","TB","J.JOHNSON","B.BARNES",7,NA,"20_3_10:23",NA
20,5,3,"9:36","LA","TB","J.JOHNSON","T.MCBRIDE",26,NA,"20_3_9:36",33849
20,5,3,"9:03","LA","TB","J.JOHNSON","J.GREENE",3,NA,"20_3_9:03",33855
20,5,3,"8:38","LA","TB","J.JOHNSON","L.ROSE",16,NA,"20_3_8:38",33861
20,5,3,"7:46","TB","LA","T.CORNELIUS","D.WILLIAMS",13,NA,"20_3_7:46",33874
20,5,3,"6:08","TB","LA","T.CORNELIUS","D.SMITH",3,NA,"20_3_6:08",33896
20,5,3,"5:02","LA","TB","J.JOHNSON","T.MCBRIDE",19,NA,"20_3_5:02",33927
20,5,3,"4:29","LA","TB","J.JOHNSON","D.HAMPTON",3,NA,"20_3_4:29",33929
20,5,3,"4:12","LA","TB","J.JOHNSON","S.BLACKNALL",12,NA,"20_3_4:12",33947
20,5,3,"2:16","LA","TB","J.JOHNSON","B.BARNES",3,NA,"20_3_2:16",33976
20,5,3,"1:48","LA","TB","J.JOHNSON","T.MCBRIDE",11,NA,"20_3_1:48",33982
20,5,3,"1:35","TB","LA","T.CORNELIUS","R.HORN",-4,NA,"20_3_1:35",34068
20,5,3,"1:04","TB","LA","T.CORNELIUS","R.HORN",5,NA,"20_3_1:04",34098
20,5,4,"15:00","TB","LA","T.CORNELIUS","D.WILLIAMS",2,NA,"20_4_15:00",34191
20,5,4,"14:50","LA","TB","D.HARRIS","B.BARNES",17,NA,"20_4_14:50",34197
20,5,4,"14:34","LA","TB","J.JOHNSON","J.SMALLWOOD",14,NA,"20_4_14:34",34205
20,5,4,"14:07","LA","TB","J.JOHNSON","S.BLACKNALL",17,NA,"20_4_14:07",34217
20,5,4,"13:54","TB","LA","T.CORNELIUS","D.WILLIAMS",13,NA,"20_4_13:54",34479
20,5,4,"13:06","TB","LA","T.CORNELIUS","N.TRUESDELL",1,NA,"20_4_13:06",34485
20,5,4,"11:36","TB","LA","T.CORNELIUS","R.HORN",6,NA,"20_4_11:36",34435
20,5,4,"11:12","TB","LA","T.CORNELIUS","J.TOLLIVER",21,NA,"20_4_11:12",NA
20,5,4,"8:46","LA","TB","J.JOHNSON","S.BLACKNALL",39,NA,"20_4_8:46",34621
20,5,4,"8:05","LA","TB","J.JOHNSON","J.SMALLWOOD",10,NA,"20_4_8:05",34640
20,5,4,"6:52","LA","TB","J.JOHNSON","S.BLACKNALL",14,NA,"20_4_6:52",34672
20,5,4,"6:22","LA","TB","J.JOHNSON","T.MCBRIDE",16,NA,"20_4_6:22",34707
20,5,4,"5:26","TB","LA","T.CORNELIUS","R.HORN",4,NA,"20_4_5:26",34828
20,5,4,"5:07","TB","LA","T.CORNELIUS","N.TRUESDELL",4,NA,"20_4_5:07",34851
20,5,4,"4:43","TB","LA","T.CORNELIUS","R.HORN",19,NA,"20_4_4:43",34873
20,5,4,"4:14","TB","LA","T.CORNELIUS","D.WILLIAMS",16,NA,"20_4_4:14",34887
20,5,4,"3:48","TB","LA","T.CORNELIUS","J.TOLLIVER",37,NA,"20_4_3:48",34907
20,5,4,"3:17","TB","LA","T.CORNELIUS","R.HORN",21,NA,"20_4_3:17",34923
20,5,4,"2:43","LA","TB","J.JOHNSON","S.BLACKNALL",39,NA,"20_4_2:43",35030
20,5,4,"2:11","LA","TB","J.JOHNSON","N/A",0,"throwaway","20_4_2:11",35053
20,5,4,"1:38","TB","LA","T.CORNELIUS","N.TRUESDELL",25,NA,"20_4_1:38",35125
20,5,4,"1:33","TB","LA","T.CORNELIUS","D.WILLIAMS",15,NA,"20_4_1:33",35145
20,5,4,"1:09","TB","LA","T.CORNELIUS","R.HORN",7,NA,"20_4_1:09",35227
20,5,4,"0:37","TB","LA","T.CORNELIUS","D.GOOLSBY",7,NA,"20_4_0:37",35319
