"PlayID","GameID","DriveID","Sequence","TeamID","ClubCode","Quarter","StartTime","Down","Distance","Yardline","Situation","PlayType","StartHomeScore","StartAwayScore","IsScoringPlay","EndTime","EndHomeScore","EndAwayScore","ScoringPlayDescription","PlayDescription","ShortPlayDescription","FirstDownDescription","DriveTotalPossessionTime","DriveNetYards","DrivePlays","playScoreType","playScorer","playScoringTeamId","firstDownReset","Notes","OffensePts","Yardline100","GoalToGo","SecondsLeftInHalfStart","YardsGained","RushAttempt","PassAttempt","Interception","Penalty","Sack","Scramble","QBSpike","QBKneel","PlayFormation","TacklerName1","TacklerName2","PasserName","RusherName","TargetName","no_score_prob","opp_fg_prob","opp_safety_prob","opp_td_prob","fg_prob","safety_prob","td_prob","ep","epa"
15268,8,6581,1,601,"HOU",1,"15:00",1,10,"STL 30",NA,"Kick off",0,0,FALSE,"14:52",0,0,"","T.Russolino kickoff from STL 30, 65 yds to HOU 5. A.Harris out of bounds at HOU 42 for 65 yards (R.White)","Kickoff","","3:59",32,9,"","",0,FALSE,"",0,68,0,1800,0,0,0,0,0,0,0,0,0,NA,NA,NA,NA,NA,NA,0.00118940054358468,0.139267165562182,0.00249129866109976,0.217438673165424,0.25928677168481,0.00369061767307694,0.376636072709823,1.39724055343043,0.814040318270312
15275,8,6581,2,601,"HOU",1,"14:52",1,10,"HOU 42","1st & 10 HOU 42","Pass",0,0,FALSE,"14:16",0,0,"","(Shotgun) P.Walker pass short right to C.Phillips to HOU 46 for 4 yards (D.Hillary)","4 yard pass","","3:59",32,9,"","",0,FALSE,"",0,58,0,1792,4,0,1,0,0,0,0,0,0,"Shotgun","D.Hillary",NA,"P.Walker",NA,"C.Phillips",0.000972461658941555,0.108499369437699,0.00106063163793745,0.169100986008121,0.293702320057634,0.00363729125071897,0.423026939948948,2.21128087170074,-0.0772595026376188
15282,8,6581,3,601,"HOU",1,"14:16",2,6,"HOU 46","2nd & 6 HOU 46","Rush",0,0,FALSE,"13:50",0,0,"","(Shotgun) N.Holley rush right tackle out of bounds at STL 43 for 11 yards (W.Hill)","11 yard rush","R1","3:59",32,9,"","",0,FALSE,"",0,54,0,1756,11,1,0,0,0,0,0,0,0,"Shotgun","W.Hill",NA,NA,"N.Holley",NA,0.00108561203444023,0.110074391663198,0.00111089688638062,0.171074581280609,0.303537563898867,0.00387150624098949,0.409245447995516,2.13402136906313,1.07003228449854
15289,8,6581,4,601,"HOU",1,"13:50",1,10,"STL 43","1st & 10 STL 43","Pass",0,0,FALSE,"13:25",0,0,"","(Shotgun) P.Walker pass incomplete short left to S.Coates.","Incomplete pass","","3:59",32,9,"","",0,TRUE,"",0,43,0,1730,0,0,1,0,0,0,0,0,0,"Shotgun",NA,NA,"P.Walker",NA,"",0.000833967964111288,0.0706420954076734,0.000278755990754554,0.109598988360576,0.336317296734676,0.00336863002632168,0.478960265515887,3.20405365356166,-0.505994043406819
15350,8,6581,5,601,"HOU",1,"13:25",2,10,"STL 43","2nd & 10 STL 43","Pass",0,0,FALSE,"12:56",0,0,"","(Shotgun) P.Walker pass short right to C.Phillips out of bounds at STL 34 for 9 yards (D.McCoil; D.Wade)","9 yard pass","","3:59",32,9,"","",0,FALSE,"",0,43,0,1705,9,0,1,0,0,0,0,0,0,"Shotgun","D.McCoil","D.Wade","P.Walker",NA,"C.Phillips",0.00100158542052043,0.0842724919549435,0.000544330637728345,0.132492844629872,0.357495735114921,0.00368278833968018,0.420510223902335,2.69805961015485,0.729961833627089
15355,8,6581,6,601,"HOU",1,"12:56",3,1,"STL 34","3rd & 1 STL 34","Rush",0,0,FALSE,"12:24",0,0,"","P.Walker rush right guard to STL 32 for 2 yards (G.President)","2 yard rush","R2","3:59",32,9,"","",0,FALSE,"",0,34,0,1676,2,1,0,0,0,0,0,0,0,NA,NA,NA,NA,"P.Walker",NA,0.000891608991380757,0.0590684399364862,0.000294874821241898,0.0917674202804671,0.37062452653937,0.00274759463623296,0.474605534794821,3.42802144378193,0.317259007554731
15356,8,6581,7,601,"HOU",1,"12:24",1,10,"STL 32","1st & 10 STL 32","Pass",0,0,FALSE,"12:06",0,0,"","(Shotgun) P.Walker pass incomplete deep left to S.Coates.","Incomplete pass","","3:59",32,9,"","",0,TRUE,"",0,32,0,1644,0,0,1,0,0,0,0,0,0,"Shotgun",NA,NA,"P.Walker",NA,"",0.000849271542080733,0.0498574793110791,0.000101092178748311,0.0769764142653126,0.360042830070935,0.00307792354841319,0.509094989083431,3.74528045133667,-0.437727954616891
15327,8,6581,8,601,"HOU",1,"12:06",2,10,"STL 32","2nd & 10 STL 32","Pass",0,0,FALSE,"11:29",0,0,"","(Shotgun) P.Walker pass short middle to K.Lewis to STL 26 for 6 yards (D.McCoil)","6 yard pass","","3:59",32,9,"","",0,FALSE,"",0,32,0,1626,6,0,1,0,0,0,0,0,0,"Shotgun","D.McCoil",NA,"P.Walker",NA,"K.Lewis",0.000999232632105205,0.0593421600215323,0.000225334766695128,0.0932444888763818,0.398037099109774,0.00332853848286734,0.444823146110644,3.30755249671977,-0.106954056311908
15342,8,6581,9,601,"HOU",1,"11:29",3,4,"STL 26","3rd & 4 STL 26","Pass",0,0,FALSE,"11:06",0,0,"","(Shotgun) P.Walker pass incomplete short left to S.Coates (R.Nelson).","Incomplete pass","","3:59",32,9,"","",0,FALSE,"",0,26,0,1589,0,0,1,0,0,0,0,0,0,"Shotgun","R.Nelson",NA,"P.Walker",NA,"S.Coates",0.0010616663849676,0.0535960360507365,0.0001930261413391,0.0860847186147115,0.470537757627463,0.00349203771535426,0.385034757465428,3.20059844040787,-1.16535352054846
15358,8,6581,10,601,"HOU",1,"11:06",4,4,"STL 26","4th & 4 STL 26","Field Goal",0,0,TRUE,"11:01",3,0,"","(Field Goal) S.Castillo 44 yds field goal IS GOOD.","44 yard field goal","","3:59",32,9,"Field Goal","Sergio Castillo",601,FALSE,"",3,26,0,1566,0,0,0,0,0,0,0,0,0,"Field Goal",NA,NA,NA,NA,NA,0.00160034515555366,0.0729065358099871,0.00051121812810042,0.115369761726735,0.638406256453987,0.00514813162427791,0.166057751101358,2.0352449198594,-0.493516562913094
15365,8,6628,11,606,"STL",1,"11:01",1,10,"HOU 30",NA,"Kick off",3,0,FALSE,"10:56",3,0,"","S.Castillo kickoff from HOU 30, 58 yds to STL 12. K.Mumphery to STL 29 for 58 yards (C.Brown)","Kickoff","","4:40",71,9,"","",0,FALSE,"",0,68,0,1561,0,0,0,0,0,0,0,0,0,NA,NA,NA,NA,NA,NA,0.00310149446530259,0.13757365023976,0.00245242747770754,0.212859430890429,0.260061458412472,0.00364125023652676,0.380310288277802,1.45827164305369,-0.260140024025951
15394,8,6628,12,606,"STL",1,"10:56",1,10,"STL 29","1st & 10 STL 29","Rush",3,0,FALSE,"10:31",3,0,"","(Shotgun) M.Jones rush up the middle to STL 33 for 4 yards (C.Crawford)","4 yard rush","","4:40",71,9,"","",0,FALSE,"",0,71,0,1556,4,1,0,0,0,0,0,0,0,"Shotgun","C.Crawford",NA,NA,"M.Jones",NA,0.00337445462617448,0.147368693631004,0.00314884375444453,0.228071969524253,0.249107061399489,0.00363474350695621,0.365294233557678,1.19813161902774,-0.0902859725833807
15393,8,6628,13,606,"STL",1,"10:31",2,6,"STL 33","2nd & 6 STL 33","Rush",3,0,FALSE,"9:57",3,0,"","(Shotgun) D.Pierson-El rush left end to STL 34 for 1 yards (J.Johnson)","1 yard rush","","4:40",71,9,"","",0,FALSE,"",0,67,0,1531,1,1,0,0,0,0,0,0,0,"Shotgun","J.Johnson",NA,NA,"D.Pierson-El",NA,0.00360208555769974,0.15129877674789,0.00284749526249419,0.232482715113826,0.247749539346611,0.00395556097812308,0.358063826993355,1.10784564644436,-0.69345889625877
15396,8,6628,14,606,"STL",1,"9:57",3,5,"STL 34","3rd & 5 STL 34","Pass",3,0,FALSE,"9:36",3,0,"","(No Huddle, Shotgun) J.Ta'amu pass short left to D.Pierson-El out of bounds at STL 41 for 7 yards (C.Brown)","7 yard pass","P1","4:40",71,9,"","",0,FALSE,"",0,66,0,1497,7,0,1,0,0,0,0,0,0,"No Huddle, Shotgun","C.Brown",NA,"J.Ta'amu",NA,"D.Pierson-El",0.00412329983220872,0.178436523836041,0.00353156084948421,0.272765878979163,0.219630963743883,0.00421816831318586,0.317293604446034,0.414386750185589,1.79081043981122
15403,8,6628,15,606,"STL",1,"9:36",1,10,"STL 41","1st & 10 STL 41","Rush",3,0,FALSE,"9:01",3,0,"","(Shotgun) J.Ta'amu scrambles up the middle to STL 48 for 7 yards (D.Gates)","7 yard rush","","4:40",71,9,"","",0,TRUE,"",0,59,0,1476,7,1,0,0,0,0,1,0,0,"Shotgun","D.Gates",NA,NA,"J.Ta'amu",NA,0.00353103206001115,0.10933779893755,0.00113016531533765,0.168405514230288,0.290908333590947,0.00357438976977112,0.423112766096096,2.20519718999681,0.429845667934086
15409,8,6628,16,606,"STL",1,"9:01",2,3,"STL 48","2nd & 3 STL 48","Rush",3,0,FALSE,"8:30",3,0,"","(Shotgun) M.Jones rush left end to HOU 47 for 5 yards (D.Gates)","5 yard rush","R2","4:40",71,9,"","",0,FALSE,"",0,52,0,1441,5,1,0,0,0,0,0,0,0,"Shotgun","D.Gates",NA,NA,"M.Jones",NA,0.00360814210978689,0.094875452213344,0.000771711930334927,0.143601674038685,0.300116327974447,0.00364421344608923,0.453382478287312,2.6350428579309,0.392221501634444
15418,8,6628,17,606,"STL",1,"8:30",1,10,"HOU 47","1st & 10 HOU 47","Pass",3,0,FALSE,"7:58",3,0,"","(Shotgun) J.Ta'amu pass short middle to K.Mumphery to HOU 20 for 27 yards (J.Johnson; D.Nichols)","27 yard pass","P3","4:40",71,9,"","",0,TRUE,"",0,47,0,1410,27,0,1,0,0,0,0,0,0,"Shotgun","J.Johnson","D.Nichols","J.Ta'amu",NA,"K.Mumphery",0.00335052200048432,0.0778649202561535,0.000389428805711066,0.119420080418205,0.325795862827295,0.00337417662607,0.469805009066081,3.02726435956534,1.15848635545168
15424,8,6628,18,606,"STL",1,"7:58",1,10,"HOU 20","1st & 10 HOU 20","Rush",3,0,FALSE,"7:28",3,0,"","(Shotgun) M.Jones rush right tackle to HOU 20 for 0 yards (W.Palmore)","0 yard rush","","4:40",71,9,"","",0,TRUE,"",0,20,0,1378,0,1,0,0,0,0,0,0,0,"Shotgun","W.Palmore",NA,NA,"M.Jones",NA,0.00168335063803219,0.0329194229294741,3.22021815096211e-05,0.0502273258363986,0.378638337234551,0.00269107850418405,0.53380828267585,4.18575071501702,-0.387703442770171
15432,8,6628,19,606,"STL",1,"7:28",2,10,"HOU 20","2nd & 10 HOU 20","Rush",3,0,FALSE,"6:51",3,0,"","(Shotgun) M.Jones rush left guard to HOU 20 for 0 yards (K.Burnett; C.Crawford)","0 yard rush","","4:40",71,9,"","",0,FALSE,"",0,20,0,1348,0,1,0,0,0,0,0,0,0,"Shotgun","K.Burnett","C.Crawford",NA,"M.Jones",NA,0.00208220672694295,0.0387997911655113,8.22984181958559e-05,0.0604874828417759,0.434267969215207,0.00285459160104274,0.461425660031324,3.79804727224685,-0.673346060593397
15441,8,6628,20,606,"STL",1,"6:51",3,10,"HOU 20","3rd & 10 HOU 20","Pass",3,0,FALSE,"6:30",3,0,"","(Shotgun) J.Ta'amu pass short left to A.Russell to HOU 9 for 11 yards (A.Harris) PENALTY on STL. Illegal formation, 5 yards, enforced to HOU 25.","5 yard penalty","","4:40",71,9,"","",0,FALSE,"",0,20,0,1311,5,0,0,0,1,0,0,0,0,"Shotgun","A.Harris",NA,"J.Ta'amu",NA,NA,0.00274037572806765,0.0470404390262112,0.000132027248336433,0.0766628831662159,0.541522574106241,0.00389632293813205,0.328005377786796,3.12470121165345,-0.320516706058627
15449,8,6628,21,606,"STL",1,"6:30",3,15,"HOU 25","3rd & 15 HOU 25","Pass",3,0,TRUE,"6:21",3,6,"M.Jones 25 yd. pass from J.Ta'amu","(Shotgun) J.Ta'amu pass short right to M.Jones for 25 yards, TOUCHDOWN.","25 yard pass","P4","4:40",71,9,"Touchdown","Matt Jones",606,FALSE,"",6.5,25,0,1290,25,0,1,0,0,0,0,0,0,"Shotgun",NA,NA,"J.Ta'amu",NA,"M.Jones",0.00353280718429173,0.0591615772802178,0.000206292920845527,0.0964829188709846,0.524187710737119,0.00447307573673512,0.311955617269806,2.80418450559482,2.17329637863129
15456,8,6628,22,606,"STL",1,"6:21",1,NA,"HOU 5",NA,"Pass",3,6,FALSE,"6:21",3,6,"","2pt attempt unsuccessful.","Unsuccessful conversion","","4:40",71,9,"","",0,FALSE,"",0,5,0,1281,0,0,0,0,0,0,0,0,0,NA,NA,NA,NA,NA,NA,NA,NA,NA,NA,NA,NA,NA,NA,NA
15492,8,6653,23,601,"HOU",1,"6:21",1,10,"STL 30",NA,"Kick off",3,6,FALSE,"6:14",3,6,"","T.Russolino kickoff from STL 30, 63 yds to HOU 7. A.Harris out of bounds at HOU 34 for 63 yards (H.Jones-Quartey)","Kickoff","","3:07",66,6,"","",0,FALSE,"",0,68,0,1281,0,0,0,0,0,0,0,0,0,NA,NA,NA,NA,NA,NA,0.00949111351673972,0.13502303479387,0.00239713526523137,0.206709686870498,0.259831312946473,0.00356858698709664,0.382979129620091,1.52251911577389,0.168816764202299
15477,8,6653,24,601,"HOU",1,"6:14",1,10,"HOU 34","1st & 10 HOU 34","Pass",3,6,FALSE,"5:45",3,6,"","(Shotgun) P.Walker pass short left to N.Holley to HOU 47 for 13 yards (D.McCoil)","13 yard pass","P3","3:07",66,6,"","",0,FALSE,"",0,66,0,1274,13,0,1,0,0,0,0,0,0,"Shotgun","D.McCoil",NA,"P.Walker",NA,"N.Holley",0.00933229904513995,0.12863568529295,0.00202359662144142,0.196821165329942,0.266872683318751,0.00356334528005475,0.392751225111721,1.69133587997619,0.980632055362211
15480,8,6653,25,601,"HOU",1,"5:45",1,10,"HOU 47","1st & 10 HOU 47","Rush",3,6,FALSE,"5:08",3,6,"","(Shotgun) A.Williams rush left guard to HOU 49 for 2 yards (T.Garvin)","2 yard rush","","3:07",66,6,"","",0,TRUE,"",0,53,0,1245,2,1,0,0,0,0,0,0,0,"Shotgun","T.Garvin",NA,NA,"A.Williams",NA,0.0076059459938091,0.0912983859677186,0.000654539688332458,0.1392732427187,0.308484400722819,0.00343280084104825,0.449250684067572,2.6719679353384,-0.332180746474316
15487,8,6653,26,601,"HOU",1,"5:08",2,8,"HOU 49","2nd & 8 HOU 49","Pass",3,6,FALSE,"4:31",3,6,"","(Shotgun) P.Walker pass deep right to K.Lewis to STL 18 for 33 yards (K.Robinson)","33 yard pass","P4","3:07",66,6,"","",0,FALSE,"",0,51,0,1208,33,0,1,0,0,0,0,0,0,"Shotgun","K.Robinson",NA,"P.Walker",NA,"K.Lewis",0.00899911946158836,0.100493847571595,0.00091316159393057,0.154032851355594,0.320047817185175,0.00370459586359618,0.41180860696852,2.33978718886409,1.91264116904061
15494,8,6653,27,601,"HOU",1,"4:31",1,10,"STL 18","1st & 10 STL 18","Rush",3,6,FALSE,"3:56",3,6,"","(Shotgun) A.Williams rush right guard to STL 8 for 10 yards (K.Robinson)","10 yard rush","R5","3:07",66,6,"","",0,TRUE,"",0,18,0,1171,10,1,0,0,0,0,0,0,0,"Shotgun","K.Robinson",NA,NA,"A.Williams",NA,0.00359707749347391,0.0302512076439028,2.6144772140944e-05,0.0457824340294134,0.379931023726997,0.00258926884012994,0.537822843493942,4.2524283579047,0.758360126977841
15501,8,6653,28,601,"HOU",1,"3:56",1,8,"STL 8","1st & 8 STL 08","Rush",3,6,FALSE,"3:21",3,6,"","(Shotgun) A.Williams rush right tackle to STL 7 for 1 yards (D.McCoil)","1 yard rush","","3:07",66,6,"","",0,TRUE,"",0,8,1,1136,1,1,0,0,0,0,0,0,0,"Shotgun","D.McCoil",NA,NA,"A.Williams",NA,0.00203515228061798,0.0125035753460118,6.94649352717347e-06,0.014481642556607,0.33195237326535,0.00156563436594142,0.637454675691944,5.01078848488254,-0.263006066185095
15507,8,6653,29,601,"HOU",1,"3:21",2,7,"STL 7","2nd & 7 STL 07","Pass",3,6,TRUE,"3:14",9,6,"C.Phillips 7 yd. pass from P.Walker","(Shotgun) P.Walker pass short middle to C.Phillips for 7 yards, TOUCHDOWN.","7 yard pass","P6","3:07",66,6,"Touchdown","Cam Phillips",601,FALSE,"",6.5,7,1,1101,7,0,1,0,0,0,0,0,0,"Shotgun",NA,NA,"P.Walker",NA,"C.Phillips",0.00251926517402796,0.0146169139628591,2.28359205587234e-05,0.0174356591193863,0.389058017435788,0.00187132002715202,0.574475988360228,4.74778241869744,0.197414820602236
15515,8,6653,30,601,"HOU",1,"3:14",1,NA,"STL 5",NA,"Rush",9,6,FALSE,"3:14",9,6,"","2pt attempt unsuccessful.","Unsuccessful conversion","","3:07",66,6,"","",0,FALSE,"",0,5,0,1094,0,0,0,0,0,0,0,0,0,NA,NA,NA,NA,NA,NA,NA,NA,NA,NA,NA,NA,NA,NA,NA
15522,8,6670,31,606,"STL",1,"3:14",1,10,"HOU 30",NA,"Kick off",9,6,FALSE,"3:08",9,6,"","S.Castillo kickoff from HOU 30, 63 yds to STL 7. K.Mumphery to STL 26 for 63 yards (C.Bradford)","Kickoff","","2:03",9,3,"","",0,FALSE,"",0,68,0,1094,0,0,0,0,0,0,0,0,0,NA,NA,NA,NA,NA,NA,0.019904473388727,0.132496500969433,0.00234586390468685,0.201410501276929,0.258023449130597,0.00349843807029596,0.382320773259331,1.55480276070032,-0.516186900508816
15531,8,6670,32,606,"STL",1,"3:08",1,10,"STL 26","1st & 10 STL 26","Pass",9,6,FALSE,"2:39",9,6,"","(Shotgun) J.Ta'amu pass short left to A.Russell to STL 27 for 1 yards (A.Harris; M.Huff)","1 yard pass","","2:03",9,3,"","",0,FALSE,"",0,74,0,1088,1,0,1,0,0,0,0,0,0,"Shotgun","A.Harris","M.Huff","J.Ta'amu",NA,"A.Russell",0.0231105350582578,0.151563224315789,0.00385556069249853,0.230544838782118,0.235948995930859,0.00347519447067804,0.3515016507498,1.03861586019151,-0.555824414504488
15538,8,6670,33,606,"STL",1,"2:39",2,9,"STL 27","2nd & 9 STL 27","Pass",9,6,FALSE,"2:06",9,6,"","(Shotgun) J.Ta'amu pass short left to L.Washington to STL 34 for 7 yards (A.Harris)","7 yard pass","","2:03",9,3,"","",0,FALSE,"",0,73,0,1059,7,0,1,0,0,0,0,0,0,"Shotgun","A.Harris",NA,"J.Ta'amu",NA,"L.Washington",0.0263069659113774,0.171369814270074,0.00457390073748765,0.260590359672006,0.221299200489535,0.0038000014678277,0.312059757451692,0.482791445687018,0.606235221737938
15544,8,6670,34,606,"STL",1,"2:06",3,2,"STL 34","3rd & 2 STL 34","Rush",9,6,FALSE,"1:22",9,6,"","(Shotgun) M.Jones rush up the middle to STL 35 for 1 yards (B.Brown)","1 yard rush","","2:03",9,3,"","",0,FALSE,"",0,66,0,1026,1,1,0,0,0,0,0,0,0,"Shotgun","B.Brown",NA,NA,"M.Jones",NA,0.0264685596354922,0.156066724191924,0.00303673086400914,0.230278351000571,0.206191546895181,0.0033761390303173,0.374581948382505,1.08902666742496,-1.58141054866957
15552,8,6670,35,606,"STL",1,"1:22",4,1,"STL 35","4th & 1 STL 35","Punt",9,6,FALSE,"1:11",9,6,"","(Shotgun) M.King punts, 42 yds to HOU 23. S.Mobley to HOU 27 for 42 yards (D.McCoil)","42 yard punt","","2:03",9,3,"","",0,FALSE,"",0,65,0,982,0,0,0,0,0,0,0,0,0,"Shotgun","D.McCoil",NA,NA,NA,NA,0.0351515459870908,0.215585609194251,0.00332850110987577,0.32937194355002,0.109573998217474,0.00493311680839402,0.302055285132894,-0.492383881244613,-0.650154137857259
15557,8,6737,36,601,"HOU",1,"1:11",1,10,"HOU 27","1st & 10 HOU 27","Pass",9,6,FALSE,"0:41",9,6,"","(Shotgun) P.Walker pass incomplete short left to K.Lewis.","Incomplete pass","","1:22",14,3,"","",0,FALSE,"",0,73,0,971,0,0,1,0,0,0,0,0,0,"Shotgun",NA,NA,"P.Walker",NA,"",0.0357703535009645,0.145630706119331,0.00348149323606782,0.220509178867666,0.237107562649203,0.00341655287772823,0.35408415274904,1.14253801910187,-0.684230803201212
15562,8,6737,37,601,"HOU",1,"0:41",2,10,"HOU 27","2nd & 10 HOU 27","Pass",9,6,FALSE,"0:06",9,6,"","(Shotgun) P.Walker pass incomplete deep left to N.Holley.","Incomplete pass","","1:22",14,3,"","",0,FALSE,"",0,73,0,941,0,0,1,0,0,0,0,0,0,"Shotgun",NA,NA,"P.Walker",NA,"",0.0415619742377971,0.169331607718565,0.00459109623115093,0.256927289924631,0.219153558720185,0.00372736349370186,0.304707109673969,0.45830721590066,-0.906421678232503
15623,8,6737,38,601,"HOU",1,"0:06",3,10,"HOU 27","3rd & 10 HOU 27","Pass",9,6,FALSE,"0:06",9,6,"","(Shotgun) P.Walker pass short left to R.Malone out of bounds at HOU 42 for 15 yards (T.Garvin)","","","1:22",14,3,"","",0,FALSE,"",0,73,0,906,0,0,0,0,0,0,0,0,0,"Shotgun","T.Garvin",NA,"P.Walker",NA,NA,0.0474200907187281,0.204820266840043,0.00545568226306186,0.307540678141815,0.180097478764631,0.00429956598308413,0.250366237288637,-0.448114462331844,0
15622,8,6737,39,601,"HOU",1,"0:06",3,10,"HOU 27","3rd & 10 HOU 27","Pass",9,6,FALSE,"0:00",9,6,"","(Shotgun) P.Walker pass short left to R.Malone out of bounds at HOU 31 for 4 yards (W.Hill)","4 yard pass","","1:22",14,3,"","",0,FALSE,"",0,73,0,906,4,0,1,0,0,0,0,0,0,"Shotgun","W.Hill",NA,"P.Walker",NA,"R.Malone",0.0474200907187281,0.204820266840043,0.00545568226306186,0.307540678141815,0.180097478764631,0.00429956598308413,0.250366237288637,-0.448114462331844,-0.938620448694283
15688,8,6737,40,601,"HOU",2,"15:00",4,6,"HOU 31","4th & 6 HOU 31","Punt",9,6,FALSE,"14:49",9,6,"","(Punt) A.Rehkow punts, 40 yds to STL 29. D.Pierson-El PENALTY on STL. Holding, 10 yards, enforced to STL 28.","40 yard punt","","1:22",14,3,"","",0,FALSE,"",0,69,0,900,0,0,0,0,0,0,0,0,0,"Punt",NA,NA,NA,NA,NA,0.0507034764152113,0.249566746277858,0.00502518994103072,0.362289236836437,0.11734833307706,0.00512997012121151,0.209937047331192,-1.38673491102613,0.153279321664591
15689,8,6738,41,606,"STL",2,"14:49",1,10,"STL 28","1st & 10 STL 28","Pass",9,6,FALSE,"14:20",9,6,"","(Shotgun) J.Ta'amu pass short right to D.Pierson-El to STL 28 for 0 yards (L.Lewis)","0 yard pass","","1:48",-4,3,"","",0,FALSE,"",0,72,0,889,0,0,1,0,0,0,0,0,0,"Shotgun","L.Lewis",NA,"J.Ta'amu",NA,"D.Pierson-El",0.0480799739052688,0.140079321159168,0.00314867293259639,0.211414844289906,0.237994418111808,0.00336308225665389,0.355919687344599,1.23345558936154,-0.672149205238207
15607,8,6738,42,606,"STL",2,"14:20",2,10,"STL 28","2nd & 10 STL 28","Rush",9,6,FALSE,"13:55",9,6,"","(Shotgun) C.Michael rush right end out of bounds at STL 28 for 0 yards (C.Brown)","0 yard rush","","1:48",-4,3,"","",0,FALSE,"",0,72,0,860,0,1,0,0,0,0,0,0,0,"Shotgun","C.Brown",NA,NA,"C.Michael",NA,0.0556967800725764,0.162897447235735,0.00420388217842776,0.246462069269225,0.220828302195341,0.00366663110337397,0.30624488794532,0.561306384123328,-0.897599113662324
15692,8,6738,43,606,"STL",2,"13:55",3,10,"STL 28","3rd & 10 STL 28","Pass",9,6,FALSE,"13:15",9,6,"","(Shotgun) J.Ta'amu sacked at STL 24 for -4 yards (D.Gates)","-4 yard sack","","1:48",-4,3,"","",0,FALSE,"",0,72,0,835,-4,0,0,0,0,1,0,0,0,"Shotgun","D.Gates",NA,"J.Ta'amu",NA,NA,0.0613921811072431,0.197751437833789,0.00504263569372654,0.296501851066922,0.183444507308496,0.0042583666832281,0.251609020306596,-0.336292729538996,-1.68085477927598
15690,8,6738,44,606,"STL",2,"13:15",4,14,"STL 24","4th & 14 STL 24","Punt",9,6,FALSE,"13:01",9,6,"","(Punt) M.King punts, 61 yds to HOU 15. S.Mobley to HOU 28 for 61 yards (T.Carew)","61 yard punt","","1:48",-4,3,"","",0,FALSE,"",0,76,0,795,0,0,0,0,0,0,0,0,0,"Punt","T.Carew",NA,NA,NA,NA,0.0767388975527376,0.274862478706711,0.0070815711397891,0.386148239279869,0.0874748178449746,0.00463751093877922,0.163056484537139,-2.01714750881498,0.787945475898711
15631,8,6735,45,601,"HOU",2,"13:01",1,10,"HOU 28","1st & 10 HOU 28","Rush",9,6,FALSE,"12:29",9,6,"","(Shotgun) A.Williams rush up the middle to HOU 26 for -2 yards (A.Ankrah)","-2 yard rush","","1:54",21,3,"","",0,FALSE,"",0,72,0,781,-2,1,0,0,0,0,0,0,0,"Shotgun","A.Ankrah",NA,NA,"A.Williams",NA,0.0723248633195297,0.13589495747919,0.00304980269950862,0.204262528446949,0.232478410765978,0.00326080644831226,0.348728630840532,1.22920203291627,-0.908985179999685
15637,8,6735,46,601,"HOU",2,"12:29",2,12,"HOU 26","2nd & 12 HOU 26","Pass",9,6,FALSE,"11:59",9,6,"","(Shotgun) P.Walker pass incomplete deep middle to C.Phillips.","Incomplete pass","","1:54",21,3,"","",0,FALSE,"",0,74,0,749,0,0,1,0,0,0,0,0,0,"Shotgun",NA,NA,"P.Walker",NA,"",0.0870294617158225,0.165805385101054,0.00484835730352192,0.250685154952753,0.206562618916137,0.00352294884408036,0.281546073166632,0.320216852916583,-0.874728103275195
15644,8,6735,47,601,"HOU",2,"11:59",3,12,"HOU 26","3rd & 12 HOU 26","Pass",9,6,FALSE,"11:19",9,6,"","(Shotgun) P.Walker pass short left to J.Butler to HOU 24 for -2 yards (D.McCoil)","-2 yard pass","","1:54",21,3,"","",0,FALSE,"",0,74,0,719,-2,0,1,0,0,0,0,0,0,"Shotgun","D.McCoil",NA,"P.Walker",NA,"J.Butler",0.0967033081214489,0.199585764905091,0.00554348075012509,0.298231818092766,0.167734088505714,0.00414943324862552,0.22805210637623,-0.554511250358613,-1.34910551941157
15684,8,6735,48,601,"HOU",2,"11:19",4,14,"HOU 24","4th & 14 HOU 24","Punt",9,6,FALSE,"11:07",9,6,"","(Punt) A.Rehkow punts, 47 yds to STL 29. D.Pierson-El PENALTY on STL. Illegal blindside block, 25 yards, enforced to STL 23.","47 yard punt","","1:54",21,3,"","",0,FALSE,"",0,76,0,679,0,0,0,0,0,0,0,0,0,"Punt",NA,NA,NA,NA,NA,0.117416344424954,0.262557059875167,0.00675308155530819,0.367243950853126,0.0841780880293765,0.0044272443956268,0.157424230866442,-1.90361676977018,1.10420254303231
15704,8,6732,49,606,"STL",2,"11:07",1,10,"STL 23","1st & 10 STL 23","Pass",9,6,FALSE,"10:41",9,6,"","(Shotgun) J.Ta'amu pass short right to L.Washington to STL 30 for 7 yards (S.Smith)","7 yard pass","","1:10",11,3,"","",0,FALSE,"",0,77,0,667,7,0,1,0,0,0,0,0,0,"Shotgun","S.Smith",NA,"J.Ta'amu",NA,"L.Washington",0.1202230496772,0.143302568237761,0.00434303837167238,0.214626507344631,0.204843442206236,0.00305535172007892,0.309606042442421,0.799414226737873,0.452449990559955
15670,8,6732,50,606,"STL",2,"10:41",2,3,"STL 30","2nd & 3 STL 30","Rush",9,6,FALSE,"10:12",9,6,"","(Shotgun) C.Michael rush up the middle to STL 34 for 4 yards (K.Ealy)","4 yard rush","R5","1:10",11,3,"","",0,FALSE,"",0,70,0,641,4,1,0,0,0,0,0,0,0,"Shotgun","K.Ealy",NA,NA,"C.Michael",NA,0.121599073542571,0.129807913384807,0.00248448493595394,0.189857816704471,0.205844154918292,0.00329829915378801,0.347108257360117,1.25186421729783,0.402324449215618
15680,8,6732,51,606,"STL",2,"10:12",1,10,"STL 34","1st & 10 STL 34","Pass",9,6,FALSE,"9:57",9,6,"","(Shotgun) J.Ta'amu pass deep left intended for D.Pierson-El INTERCEPTED by C.Brown at HOU 49. C.Brown to STL 1 for 17 yards (J.Ta'amu)","Intercept","","1:10",11,3,"","",0,TRUE,"",0,66,0,612,0,0,1,1,0,0,0,0,0,"Shotgun","J.Ta'amu",NA,"J.Ta'amu",NA,"STL",0.118441677675745,0.110973474180186,0.00172894879840304,0.165593298273162,0.240142066581895,0.00306361077961852,0.36005692371099,1.65418866651345,-7.67361647559991
15701,8,6758,52,601,"HOU",2,"9:57",1,1,"STL 1","1st & 1 STL 01","Rush",9,6,TRUE,"9:52",15,6,"J.Butler 1 yd. run","(Shotgun) J.Butler rush left guard for 1 yards, TOUCHDOWN.","1 yard rush","R7","0:05",1,1,"Touchdown","James Butler",601,FALSE,"",6.5,1,1,597,1,1,0,0,0,0,0,0,0,"Shotgun",NA,NA,NA,"J.Butler",NA,0.00846339375119337,0.00693890744846216,6.64285176473024e-05,0.00940868490116959,0.0648185113060387,0.00219959446312153,0.908104479612367,6.01942780908646,-1.0094311711192
15743,8,6758,54,601,"HOU",2,"9:52",1,NA,"STL 5",NA,"Pass",15,6,FALSE,"9:52",15,6,"","2pt attempt unsuccessful.","Unsuccessful conversion","","0:05",1,1,"","",0,FALSE,"",0,5,0,592,0,0,0,0,0,0,0,0,0,NA,NA,NA,NA,NA,NA,NA,NA,NA,NA,NA,NA,NA,NA,NA
15757,8,6794,55,606,"STL",2,"9:52",1,10,"HOU 30",NA,"Kick off",15,6,FALSE,"9:45",15,6,"","S.Castillo kickoff from HOU 30, 61 yds to STL 9. K.Mumphery to STL 26 for 61 yards (C.Brown)","Kickoff","","4:29",42,10,"","",0,FALSE,"",0,68,0,592,0,0,0,0,0,0,0,0,0,NA,NA,NA,NA,NA,NA,0.132310079870771,0.11465735587143,0.0020151890136765,0.171011022645888,0.230535910173688,0.00301958920176822,0.346450853222778,1.49000336203274,-0.470505821243223
15770,8,6794,56,606,"STL",2,"9:45",1,10,"STL 26","1st & 10 STL 26","Rush",15,6,FALSE,"9:16",15,6,"","(Shotgun) M.Jones rush right guard to STL 28 for 2 yards (W.Palmore)","2 yard rush","","4:29",42,10,"","",0,FALSE,"",0,74,0,585,2,1,0,0,0,0,0,0,0,"Shotgun","W.Palmore",NA,NA,"M.Jones",NA,0.151693037522542,0.128985509124826,0.00325719491260186,0.192499907948458,0.207336025083736,0.00294985127732567,0.31327847413051,1.01949754078952,-0.363422665883863
15875,8,6794,57,606,"STL",2,"9:16",2,8,"STL 28","2nd & 8 STL 28","Rush",15,6,FALSE,"8:42",15,6,"","(Shotgun) M.Jones rush right guard to STL 31 for 3 yards (N.James; E.Robinson)","3 yard rush","","4:29",42,10,"","",0,FALSE,"",0,72,0,556,3,1,0,0,0,0,0,0,0,"Shotgun","N.James","E.Robinson",NA,"M.Jones",NA,0.167568785906852,0.139618200535125,0.0034570663295646,0.20781862352308,0.1951444529107,0.00318274596162916,0.283210124833049,0.656074874905654,-0.310177088997528
15796,8,6794,58,606,"STL",2,"8:42",3,5,"STL 31","3rd & 5 STL 31","Pass",15,6,FALSE,"8:12",15,6,"","(Shotgun) J.Ta'amu pass short right to A.Russell to STL 40 for 9 yards (J.Johnson)","9 yard pass","P6","4:29",42,10,"","",0,FALSE,"",0,69,0,522,9,0,1,0,0,0,0,0,0,"Shotgun","J.Johnson",NA,"J.Ta'amu",NA,"A.Russell",0.181047510850399,0.151638104001116,0.00336178209449583,0.222558051859449,0.17144272525998,0.00330045448171066,0.26665137145285,0.345897785908126,1.64863998094149
15809,8,6794,59,606,"STL",2,"8:12",1,10,"STL 40","1st & 10 STL 40","Pass",15,6,FALSE,"7:56",15,6,"","(Shotgun) J.Ta'amu pass short left to L.Washington to midfield for 10 yards (D.Nichols)","10 yard pass","P7","4:29",42,10,"","",0,TRUE,"",0,60,0,492,10,0,1,0,0,0,0,0,0,"Shotgun","D.Nichols",NA,"J.Ta'amu",NA,"L.Washington",0.158122728837624,0.0901437697637374,0.00097567247806253,0.133783736182214,0.245979858242782,0.00286386503739514,0.368130369458185,1.99453776684961,0.639956331521001
15850,8,6794,60,606,"STL",2,"7:56",1,10,"HOU 50","1st & 10 50","Rush",15,6,FALSE,"7:29",15,6,"","(No Huddle, Shotgun) M.Jones rush left guard to HOU 47 for 3 yards (K.Ealy; J.Maxey)","3 yard rush","","4:29",42,10,"","",0,TRUE,"",0,50,0,476,3,1,0,0,0,0,0,0,0,"No Huddle, Shotgun","K.Ealy","J.Maxey",NA,"M.Jones",NA,0.133075535094757,0.0699782514084012,0.000413848114278404,0.103640619821733,0.277777254892845,0.00281230585662315,0.412302184811362,2.63449409837061,-0.209109055548578
15840,8,6794,61,606,"STL",2,"7:29",2,7,"HOU 47","2nd & 7 HOU 47","Rush",15,6,FALSE,"7:03",15,6,"","(No Huddle, Shotgun) M.Jones rush right tackle to HOU 39 for 8 yards (J.Maxey)","8 yard rush","R8","4:29",42,10,"","",0,FALSE,"",0,47,0,449,8,1,0,0,0,0,0,0,0,"No Huddle, Shotgun","J.Maxey",NA,NA,"M.Jones",NA,0.145537751806951,0.0728372057698263,0.000527999786282049,0.108261693117074,0.288994911853024,0.00295420342855312,0.380886234238289,2.42538504282204,0.760470030685068
15852,8,6794,62,606,"STL",2,"7:03",1,10,"HOU 39","1st & 10 HOU 39","Rush",15,6,FALSE,"6:32",15,6,"","(Shotgun) J.Ta'amu rush up the middle to HOU 34 for 5 yards (D.Gates)","5 yard rush","","4:29",42,10,"","",0,TRUE,"",0,39,0,423,5,1,0,0,0,0,0,0,0,"Shotgun","D.Gates",NA,NA,"J.Ta'amu",NA,0.121287380057793,0.0505424798971876,0.000153663381441176,0.0745848365662558,0.303679730982092,0.00263007212290218,0.447121836992328,3.1858550735071,-0.0176025771827448
15864,8,6794,63,606,"STL",2,"6:32",2,5,"HOU 34","2nd & 5 HOU 34","Rush",15,6,FALSE,"5:58",15,6,"","(Shotgun) C.Michael rush left tackle to HOU 31 for 3 yards (D.Gates)","3 yard rush","","4:29",42,10,"","",0,FALSE,"",0,34,0,392,3,1,0,0,0,0,0,0,0,"Shotgun","D.Gates",NA,NA,"C.Michael",NA,0.126653759303642,0.0471583163113463,0.000172671336007565,0.0696351763554603,0.326273025370166,0.00262521677145589,0.427481834551922,3.16825249632436,-0.195549698869857
15880,8,6794,64,606,"STL",2,"5:58",3,2,"HOU 31","3rd & 2 HOU 31","Rush",15,6,FALSE,"5:28",15,6,"","(Shotgun) C.Michael rush left guard to HOU 31 for 0 yards (W.Palmore)","0 yard rush","","4:29",42,10,"","",0,FALSE,"",0,31,0,358,0,1,0,0,0,0,0,0,0,"Shotgun","W.Palmore",NA,NA,"C.Michael",NA,0.141459655693389,0.0464473119428799,0.000201718697202177,0.0698262277136378,0.355990008931824,0.00247541702582555,0.383599659995241,2.9727027974545,-1.39474675067029
15950,8,6794,65,606,"STL",2,"5:28",4,2,"HOU 31","4th & 2 HOU 31","Rush",15,6,FALSE,"5:23",15,6,"","(Shotgun) M.Jones rush left guard to HOU 32 for -1 yards (D.Nichols)","-1 yard rush","","4:29",42,10,"","",0,FALSE,"",0,31,0,328,-1,1,0,0,0,0,0,0,0,"Shotgun","D.Nichols",NA,NA,"M.Jones",NA,0.221338819522798,0.067866911387824,0.000492788670937558,0.103586107530571,0.419796236196658,0.00411356440990339,0.182805572281307,1.57795604678422,-2.81079341957713
15910,8,6827,66,601,"HOU",2,"5:23",1,10,"HOU 32","1st & 10 HOU 32","Pass",15,6,FALSE,"4:47",15,6,"","(Shotgun) P.Walker pass deep left to N.Holley to STL 48 for 20 yards (R.Nelson)","20 yard pass","P8","3:30",68,7,"","",0,FALSE,"",0,68,0,323,20,0,1,0,0,0,0,0,0,"Shotgun","R.Nelson",NA,"P.Walker",NA,"N.Holley",0.309884417784006,0.0900611217268651,0.00157668436255448,0.132964516758058,0.184209794745095,0.00236854192478508,0.278934922698637,1.23283737279291,1.2045620924691
15926,8,6827,67,601,"HOU",2,"4:47",1,10,"STL 48","1st & 10 STL 48","Pass",15,6,FALSE,"4:28",15,6,"","(Shotgun) P.Walker pass incomplete deep right to C.Phillips.","5 yard penalty","X9","3:30",68,7,"","",0,TRUE,"",0,48,0,287,5,0,0,0,1,0,0,0,0,"Shotgun",NA,NA,"P.Walker",NA,NA,0.236139942598768,0.0574511371802382,0.000300261586524098,0.0844558774230241,0.248727690985211,0.00241767915571824,0.370507411070517,2.43739946526201,0.247281315067053
15939,8,6827,68,601,"HOU",2,"4:28",1,10,"STL 43","1st & 10 STL 43","Pass",15,6,FALSE,"4:02",15,6,"","(Shotgun) P.Walker pass incomplete short right to N.Holley (D.Hillary).","Incomplete pass","","3:30",68,7,"","",0,TRUE,"",0,43,0,268,0,0,1,0,0,0,0,0,0,"Shotgun","D.Hillary",NA,"P.Walker",NA,"N.Holley",0.224053925843512,0.0500658142434899,0.000193387066869593,0.0734922070896272,0.261610914933997,0.00236950708276135,0.388214243739743,2.68468078032906,-0.476770494862265
15954,8,6827,69,601,"HOU",2,"4:02",2,10,"STL 43","2nd & 10 STL 43","Rush",15,6,FALSE,"3:14",15,6,"","(Shotgun) P.Walker scrambles right guard to STL 32 for 11 yards (R.Nelson)","11 yard rush","R10","3:30",68,7,"","",0,FALSE,"",0,43,0,242,11,1,0,0,0,0,1,0,0,"Shotgun","R.Nelson",NA,NA,"P.Walker",NA,0.259617782985796,0.0573908908042715,0.000362859979105105,0.0853670242051897,0.267229619382443,0.00248919336811962,0.327542629275074,2.2079102854668,0.877813724863076
15967,8,6827,70,601,"HOU",2,"3:14",1,10,"STL 32","1st & 10 STL 32","Pass",15,6,FALSE,"2:41",15,6,"","(Shotgun) P.Walker pass short left to K.Lewis to STL 29 for 3 yards (W.Hill)","3 yard pass","","3:30",68,7,"","",0,TRUE,"",0,32,0,194,3,0,1,0,0,0,0,0,0,"Shotgun","W.Hill",NA,"P.Walker",NA,"K.Lewis",0.217625296475832,0.0353861775303539,7.02461491428124e-05,0.0517148641438977,0.280255799371355,0.00216827824460726,0.412779338084811,3.08572401032987,-0.233577170030004
15979,8,6827,71,601,"HOU",2,"2:41",2,7,"STL 29","2nd & 7 STL 29","Pass",15,6,FALSE,"2:04",15,6,"","(Shotgun) P.Walker pass short middle to C.Phillips to STL 21 for 8 yards (D.Wade)","8 yard pass","P11","3:30",68,7,"","",0,FALSE,"",0,29,0,161,8,0,1,0,0,0,0,0,0,"Shotgun","D.Wade",NA,"P.Walker",NA,"C.Phillips",0.239743934387535,0.0356100878882136,0.000107973635138299,0.0525630399026452,0.3020612510946,0.00217112839532496,0.367742584696543,2.85214684029987,0.557360544244776
15994,8,6827,72,601,"HOU",2,"2:04",1,10,"STL 21","1st & 10 STL 21","Rush",15,6,FALSE,"1:59",15,6,"","(Shotgun) J.Butler rush right tackle out of bounds at STL 9 for 12 yards (D.Wade)","12 yard rush","R12","3:30",68,7,"","",0,TRUE,"",0,21,0,124,12,1,0,0,0,0,0,0,0,"Shotgun","D.Wade",NA,NA,"J.Butler",NA,0.205858205554106,0.0247561637094826,2.52580789773683e-05,0.0360257136547412,0.297098233667452,0.00196398557656834,0.434272439758673,3.40950738454464,0.627511804831569
16178,8,6827,73,601,"HOU",2,"1:59",1,9,"STL 9","1st & 9 STL 09","Pass",15,6,TRUE,"1:53",21,6,"C.Phillips 9 yd. pass from P.Walker","(Shotgun) P.Walker pass short right to C.Phillips for 9 yards, TOUCHDOWN.","9 yard pass","P13","3:30",68,7,"Touchdown","Cam Phillips",601,TRUE,"",6.5,9,1,119,9,0,1,0,0,0,0,0,0,"Shotgun",NA,NA,"P.Walker",NA,"C.Phillips",0.130016926626945,0.00824258853081658,7.70961565651917e-06,0.00450714419687285,0.422520814648093,0.000463319765585945,0.43424149661603,4.03701918937621,1.33005243897827
16025,8,6827,74,601,"HOU",2,"1:53",1,NA,"STL 17",NA,"Pass",21,6,FALSE,"1:53",21,6,"","1pt attempt unsuccessful.","Unsuccessful conversion","","3:30",68,7,"","",0,FALSE,"",0,17,0,113,0,0,0,0,0,0,0,0,0,NA,NA,NA,NA,NA,NA,NA,NA,NA,NA,NA,NA,NA,NA,NA
16059,8,6845,75,606,"STL",2,"1:53",1,10,"HOU 30",NA,"Kick off",21,6,FALSE,"1:41",21,6,"","S.Castillo kickoff from HOU 30 62 yds to STL 8. K.Mumphery MUFFS catch. K.Mumphery recovers at STL 15 to STL 22 for 62 yards (D.Lewis)","Kickoff","","1:00",5,3,"","",0,FALSE,"",0,68,0,113,0,0,0,0,0,0,0,0,0,NA,NA,NA,NA,NA,NA,0.592385352254734,0.047519780198696,0.00160629414688099,0.0344936642931304,0.171527745202998,0.000602373898093709,0.151864790005467,1.13292837164552,-0.407455993981193
16063,8,6845,76,606,"STL",2,"1:41",1,10,"STL 22","1st & 10 STL 22","Pass",21,6,FALSE,"1:28",21,6,"","(Shotgun) J.Ta'amu pass short right to D.Pierson-El to STL 25 for 3 yards (C.Brown)","3 yard pass","","1:00",5,3,"","",0,FALSE,"",0,78,0,101,3,0,1,0,0,0,0,0,0,"Shotgun","C.Brown",NA,"J.Ta'amu",NA,"D.Pierson-El",0.664492576738636,0.0515762117816008,0.00318942882245832,0.0374761157267039,0.128207644266132,0.000516768275516643,0.114541254388952,0.725472377664326,-0.0878468017642515
16074,8,6845,77,606,"STL",2,"1:28",2,7,"STL 25","2nd & 7 STL 25","Rush",21,6,FALSE,"1:10",21,6,"","(Shotgun) C.Michael rush up the middle to STL 27 for 2 yards (G.Wright)","2 yard rush","","1:00",5,3,"","",0,FALSE,"",0,75,0,88,2,1,0,0,0,0,0,0,0,"Shotgun","G.Wright",NA,NA,"C.Michael",NA,0.675183956529558,0.0541791694699906,0.00291668572100845,0.0391253547784655,0.12086707850541,0.000560084705629066,0.107167670289939,0.637625575900074,-0.159596489693464
16084,8,6845,78,606,"STL",2,"1:10",3,5,"STL 27","3rd & 5 STL 27","Pass",21,6,FALSE,"1:04",21,6,"","(Shotgun) J.Ta'amu pass incomplete.","Incomplete pass","","1:00",5,3,"","",0,FALSE,"",0,73,0,70,0,0,1,0,0,0,0,0,0,"Shotgun",NA,NA,"J.Ta'amu",NA,"hotgun)",0.691301822803251,0.0610175946505483,0.00308585522328756,0.0434104081338586,0.101623589406702,0.000576506295663805,0.098984223486689,0.47802908620661,-0.475359253469973
16103,8,6845,79,606,"STL",2,"1:04",4,5,"STL 27","4th & 5 STL 27","Punt",21,6,FALSE,"0:53",21,6,"","(Punt) M.King punts, 51 yds to HOU 22. S.Mobley to HOU 21 for 51 yards (C.Agudosi; T.Caldwell)","51 yard punt","","1:00",5,3,"","",0,FALSE,"",0,73,0,64,0,0,0,0,0,0,0,0,0,"Punt","C.Agudosi","T.Caldwell",NA,NA,NA,0.734325604130838,0.0813688261420502,0.00338896257786447,0.0566942809084449,0.0520446205893832,0.000715974728659358,0.0714617309227601,0.00266983273663779,-0.610259409551239
16119,8,6862,80,601,"HOU",2,"0:53",1,10,"HOU 21","1st & 10 HOU 21","Pass",21,6,FALSE,"0:46",21,6,"","(Shotgun) P.Walker pass short right to N.Holley out of bounds at HOU 29 for 8 yards (D.Hillary)","8 yard pass","","0:30",19,3,"","",0,FALSE,"",0,79,0,53,8,0,1,0,0,0,0,0,0,"Shotgun","D.Hillary",NA,"P.Walker",NA,"N.Holley",0.71101906728717,0.04548435462938,0.00298579445908861,0.0329945000410326,0.109249922600748,0.000445029844753332,0.0978213311378277,0.607589576814601,0.228274289572926
16129,8,6862,81,601,"HOU",2,"0:46",2,2,"HOU 29","2nd & 2 HOU 29","Pass",21,6,FALSE,"0:37",21,6,"","(Shotgun) P.Walker pass incomplete deep right to K.Lewis.","Incomplete pass","","0:30",19,3,"","",0,FALSE,"",0,71,0,46,0,0,1,0,0,0,0,0,0,"Shotgun",NA,NA,"P.Walker",NA,"",0.689419513113158,0.0410401302097389,0.00147987036678503,0.028825077090032,0.115273908373715,0.000503218175185756,0.123458282671386,0.835863866387528,-0.201578613547827
16142,8,6862,82,601,"HOU",2,"0:37",3,2,"HOU 29","3rd & 2 HOU 29","Rush",21,6,FALSE,"0:33",21,6,"","(Shotgun) A.Williams rush up the middle to HOU 30 for 1 yards (S.Jones)","1 yard rush","","0:30",19,3,"","",0,FALSE,"",0,71,0,37,1,1,0,0,0,0,0,0,0,"Shotgun","S.Jones",NA,NA,"A.Williams",NA,0.705395103442938,0.0497481411670442,0.00228619527247752,0.0348214329286192,0.0953957233667448,0.000453980893903615,0.111899422928273,0.6342852528397,-0.421010292616668
16163,8,6862,83,601,"HOU",2,"0:33",4,1,"HOU 30","4th & 1 HOU 30","Punt",21,6,FALSE,"0:23",21,6,"","(Punt) A.Rehkow punts, 46 yds to STL 24. D.Pierson-El PENALTY on STL. Illegal block above waist, 10 yards, enforced to STL 14.","46 yard punt","","0:30",19,3,"","",0,FALSE,"",0,70,0,33,0,0,0,0,0,0,0,0,0,"Punt",NA,NA,NA,NA,NA,0.746889900091302,0.0663458772643824,0.00220445774769227,0.0481733100436075,0.0439490095632565,0.000631644506264524,0.0918058007834946,0.213274960223033,-0.586447115661606
16169,8,6868,84,606,"STL",2,"0:23",1,10,"STL 14","1st & 10 STL 14","Rush",21,6,FALSE,"0:04",21,6,"","J.Ta'amu kneels at STL 13 for -1 yards.","","","0:23",-2,2,"","",0,FALSE,"",0,86,0,23,0,0,0,0,0,0,0,0,1,NA,NA,NA,NA,NA,NA,0.765272008834043,0.0438207935326558,0.00438894419473286,0.0317843028706746,0.0811782742362208,0.000363627950922025,0.0731920483807514,0.373172155438573,-0.19353404555051
16175,8,6868,85,606,"STL",2,"0:04",2,11,"STL 13","2nd & 11 STL 13","Rush",21,6,FALSE,"0:00",21,6,"","J.Ta'amu kneels at STL 12 for -1 yards.","","","0:23",-2,2,"","",0,FALSE,"",0,87,0,4,0,0,0,0,0,0,0,0,1,NA,NA,NA,NA,NA,NA,0.789639836548474,0.0484412194033853,0.00500463629862529,0.0351198822634101,0.0647849906089899,0.000370227360128968,0.0566392075169858,0.179638109888063,1.21760244354237
16195,8,6917,86,606,"STL",3,"15:00",1,10,"HOU 30",NA,"Kick off",21,6,FALSE,"14:54",21,6,"","S.Castillo kickoff from HOU 30, 62 yds to STL 8. K.Mumphery to STL 28 for 62 yards (D.Lewis)","Kickoff","","6:04",72,13,"","",0,FALSE,"",0,68,0,1800,0,0,0,0,0,0,0,0,0,NA,NA,NA,NA,NA,NA,0.00118940054358468,0.139267165562182,0.00249129866109976,0.217438673165424,0.25928677168481,0.00369061767307694,0.376636072709823,1.39724055343043,-0.351317282341836
16206,8,6917,87,606,"STL",3,"14:54",1,10,"STL 28","1st & 10 STL 28","Rush",21,6,FALSE,"14:27",21,6,"","(Shotgun) M.Jones rush left guard to STL 31 for 3 yards (K.Burnett)","3 yard rush","","6:04",72,13,"","",0,FALSE,"",0,72,0,1794,3,1,0,0,0,0,0,0,0,"Shotgun","K.Burnett",NA,NA,"M.Jones",NA,0.00132569637175494,0.152448708247165,0.0034723086515481,0.238104802871382,0.244506475865504,0.00367716616700799,0.356464841825638,1.0459232710886,-0.257396994337362
16290,8,6917,88,606,"STL",3,"14:27",2,7,"STL 31","2nd & 7 STL 31","Rush",21,6,FALSE,"13:55",21,6,"","(No Huddle, Shotgun) L.Tillery rush left end to STL 32 for 1 yards (G.Wright; B.Brown)","1 yard rush","","6:04",72,13,"","",0,FALSE,"",0,69,0,1767,1,1,0,0,0,0,0,0,0,"No Huddle, Shotgun","G.Wright","B.Brown",NA,"L.Tillery",NA,0.00145174582869864,0.162150382680592,0.00345924500676203,0.252121304871045,0.23901594013825,0.00401608967370367,0.337785291800949,0.788526276751236,-0.734050655525637
16339,8,6917,89,606,"STL",3,"13:55",3,6,"STL 32","3rd & 6 STL 32","Pass",21,6,FALSE,"13:34",21,6,"","(No Huddle, Shotgun) J.Ta'amu pass short left to L.Washington to STL 46 for 14 yards (A.Harris; B.Brown)","14 yard pass","P9","6:04",72,13,"","",0,FALSE,"",0,68,0,1735,14,0,1,0,0,0,0,0,0,"No Huddle, Shotgun","A.Harris","B.Brown","J.Ta'amu",NA,"L.Washington",0.00163650612333251,0.191088871039059,0.00414075030341254,0.29503936054601,0.208335217556882,0.00436921955010103,0.295390074881203,0.054475621225599,2.46450248846462
16285,8,6917,90,606,"STL",3,"13:34",1,10,"STL 46","1st & 10 STL 46","Pass",21,6,FALSE,"13:11",21,6,"","(No Huddle, Shotgun) J.Ta'amu pass short left to D.Pierson-El to HOU 49 for 5 yards (B.Brown)","5 yard pass","","6:04",72,13,"","",0,TRUE,"",0,54,0,1714,5,0,1,0,0,0,0,0,0,"No Huddle, Shotgun","B.Brown",NA,"J.Ta'amu",NA,"D.Pierson-El",0.00120051030807064,0.096961533900776,0.000743509383595737,0.150584630279333,0.306314470456657,0.0035696291688366,0.440625716502732,2.51897810969022,0.0628437830196895
16261,8,6917,91,606,"STL",3,"13:11",2,5,"HOU 49","2nd & 5 HOU 49","Rush",21,6,FALSE,"12:45",21,6,"","(No Huddle, Shotgun) M.Jones rush up the middle to HOU 45 for 4 yards (B.Brown; W.Palmore)","4 yard rush","","6:04",72,13,"","",0,FALSE,"",0,49,0,1691,4,1,0,0,0,0,0,0,0,"No Huddle, Shotgun","B.Brown","W.Palmore",NA,"M.Jones",NA,0.00123574479845873,0.093410599318686,0.000718162281772898,0.144408857670965,0.320735313793317,0.00372265448408119,0.435768667652719,2.58182189270991,0.315896154075118
16283,8,6917,92,606,"STL",3,"12:45",3,1,"HOU 45","3rd & 1 HOU 45","Rush",21,6,FALSE,"12:19",21,6,"","(No Huddle, Shotgun) M.Jones rush up the middle to HOU 42 for 3 yards (B.Brown)","3 yard rush","R10","6:04",72,13,"","",0,FALSE,"",0,45,0,1665,3,1,0,0,0,0,0,0,0,"No Huddle, Shotgun","B.Brown",NA,NA,"M.Jones",NA,0.00126474936247718,0.0846588710035014,0.000674917402994457,0.129664634920052,0.310026283228256,0.00296283658679677,0.470747707495922,2.89771804678502,0.37578670469895
16292,8,6917,93,606,"STL",3,"12:19",1,10,"HOU 42","1st & 10 HOU 42","Rush",21,6,FALSE,"11:48",21,6,"","(No Huddle, Shotgun) J.Ta'amu scrambles right guard to HOU 31 for 11 yards (C.Brown)","11 yard rush","R11","6:04",72,13,"","",0,TRUE,"",0,42,0,1639,11,1,0,0,0,0,1,0,0,"No Huddle, Shotgun","C.Brown",NA,NA,"J.Ta'amu",NA,0.00116580205013316,0.0681309735067407,0.000252748775195697,0.105323987327384,0.338672080483735,0.00332462340842207,0.48312978444839,3.27350475148398,0.516874321912052
16312,8,6917,94,606,"STL",3,"11:48",1,10,"HOU 31","1st & 10 HOU 31","Pass",21,6,FALSE,"11:21",21,6,"","(No Huddle, Shotgun) J.Ta'amu pass short left to K.Mumphery to HOU 30 for 1 yards (A.Harris; E.Robinson)","1 yard pass","","6:04",72,13,"","",0,TRUE,"",0,31,0,1608,1,0,1,0,0,0,0,0,0,"No Huddle, Shotgun","A.Harris","E.Robinson","J.Ta'amu",NA,"K.Mumphery",0.000950933564725324,0.0481559964900802,9.18692868748347e-05,0.0742372622602969,0.361828247700181,0.00304305033434855,0.511692640363493,3.79037907339603,-0.354270339813151
16325,8,6917,95,606,"STL",3,"11:21",2,9,"HOU 30","2nd & 9 HOU 30","Pass",21,6,FALSE,"10:52",21,6,"","(No Huddle, Shotgun) J.Ta'amu pass short left to C.Agudosi to HOU 25 for 5 yards (A.Harris)","5 yard pass","","6:04",72,13,"","",0,FALSE,"",0,30,0,1581,5,0,1,0,0,0,0,0,0,"No Huddle, Shotgun","A.Harris",NA,"J.Ta'amu",NA,"C.Agudosi",0.00112297869744574,0.0547281516315161,0.000185335716689158,0.0856906009126642,0.40187739465676,0.00323342613981621,0.453162112245109,3.43610873358288,-0.19479160588543
16350,8,6917,96,606,"STL",3,"10:52",3,4,"HOU 25","3rd & 4 HOU 25","Pass",21,6,FALSE,"10:13",21,6,"","(No Huddle, Shotgun) J.Ta'amu pass short middle to D.Pierson-El out of bounds at HOU 2 for 23 yards (T.Schwab)","23 yard pass","P12","6:04",72,13,"","",0,FALSE,"",0,25,0,1552,23,0,1,0,0,0,0,0,0,"No Huddle, Shotgun","T.Schwab",NA,"J.Ta'amu",NA,"D.Pierson-El",0.00119282820791342,0.0515571502499091,0.000177848354274494,0.0827979445818063,0.476497757963789,0.00344653736197888,0.384329933280329,3.24131712769745,2.57965848699669
16386,8,6917,97,606,"STL",3,"10:13",1,2,"HOU 2","1st & 2 HOU 02","Rush",21,6,FALSE,"9:39",21,6,"","(Shotgun) C.Michael rush right guard to HOU 2 for 0 yards (B.Brown; D.Lewis)","0 yard rush","","6:04",72,13,"","",0,TRUE,"",0,2,1,1513,0,1,0,0,0,0,0,0,0,"Shotgun","B.Brown","D.Lewis",NA,"C.Michael",NA,0.000286283037476857,0.00911930157107719,3.15210190516772e-05,0.0120616164997547,0.12102146963572,0.00219690972294697,0.855282898513972,5.82097561469413,-0.368570769875901
16390,8,6917,98,606,"STL",3,"9:39",2,2,"HOU 2","2nd & 2 HOU 02","Rush",21,6,FALSE,"9:00",21,6,"","(Shotgun) J.Ta'amu rush right guard to HOU 1 for 1 yards (D.Lewis, B.Brown)","1 yard rush","","6:04",72,13,"","",0,FALSE,"",0,2,1,1479,1,1,0,0,0,0,0,0,0,"Shotgun","D.Lewis","B.Brown",NA,"J.Ta'amu",NA,0.000404164649640771,0.0125884988582066,9.42602586859012e-05,0.016516374046744,0.198178392104541,0.00360864414083171,0.76860966594135,5.45240484481823,-0.147295806755634
16393,8,6917,99,606,"STL",3,"9:00",3,1,"HOU 1","3rd & 1 HOU 01","Pass",21,6,TRUE,"8:56",21,12,"D.Pierson-El 1 yd. pass from J.Ta'amu","(Shotgun) J.Ta'amu pass short right to D.Pierson-El for 1 yards, TOUCHDOWN.","1 yard pass","P13","6:04",72,13,"Touchdown","De'Mornay Pierson-El",606,FALSE,"",6.5,1,1,1440,1,0,1,0,0,0,0,0,0,"Shotgun",NA,NA,"J.Ta'amu",NA,"D.Pierson-El",0.000520647363045766,0.0156149010388615,0.000634705236198921,0.0229623091043245,0.204053628591041,0.00557166250574787,0.75064214616078,5.3051090380626,-0.293512176999323
16406,8,6917,100,606,"STL",3,"8:56",1,NA,"HOU 5",NA,NA,21,12,FALSE,"8:56",21,12,"","2pt attempt unsuccessful.","Unsuccessful conversion","","6:04",72,13,"","",0,FALSE,"",0,5,0,1436,0,0,0,0,0,0,0,0,0,NA,NA,NA,NA,NA,NA,NA,NA,NA,NA,NA,NA,NA,NA,NA
16436,8,6935,101,601,"HOU",3,"8:56",1,10,"STL 30",NA,"Kick off",21,12,FALSE,"8:50",21,12,"","T.Russolino kickoff from STL 30, 66 yds to HOU 4. A.Harris to HOU 21 for 66 yards (R.Hoskins; D.Hillary)","Kickoff","","2:08",6,3,"","",0,FALSE,"",0,68,0,1436,0,0,0,0,0,0,0,0,0,NA,NA,NA,NA,NA,NA,0.00511448702386108,0.136548541750431,0.00242971321909979,0.210275679698938,0.260186312951228,0.00361179000027712,0.381833475356166,1.48840313893672,-0.98410771901443
16438,8,6935,102,601,"HOU",3,"8:50",1,10,"HOU 21","1st & 10 HOU 21","Pass",21,12,FALSE,"8:19",21,12,"","(Shotgun) P.Walker pass short left to S.Coates to HOU 29 for 8 yards (R.Nelson)","8 yard pass","","2:08",6,3,"","",0,FALSE,"",0,79,0,1430,8,0,1,0,0,0,0,0,0,"Shotgun","R.Nelson",NA,"P.Walker",NA,"S.Coates",0.0065360482413657,0.17328379655432,0.00599260540453253,0.267216076648019,0.218958197272836,0.00353874809446395,0.324474527784462,0.504295419922294,0.81471827935714
16466,8,6935,103,601,"HOU",3,"8:19",2,2,"HOU 29","2nd & 2 HOU 29","Pass",21,12,FALSE,"7:32",21,12,"","(Shotgun) P.Walker pass short right to J.Butler to HOU 28 for -1 yards (T.Garvin)","-1 yard pass","","2:08",6,3,"","",0,FALSE,"",0,71,0,1399,-1,0,1,0,0,0,0,0,0,"Shotgun","T.Garvin",NA,"P.Walker",NA,"J.Butler",0.00668327668580569,0.149570001113237,0.00284031853677582,0.223119060136234,0.22134749661124,0.00382739204757717,0.39261245486913,1.31901369927943,-1.09570670702993
16472,8,6935,104,601,"HOU",3,"7:32",3,3,"HOU 28","3rd & 3 HOU 28","Rush",21,12,FALSE,"6:59",21,12,"","(Shotgun) P.Walker scrambles right guard to HOU 27 for -1 yards (D.Lambert; G.President)","-1 yard rush","","2:08",6,3,"","",0,FALSE,"",0,72,0,1352,-1,1,0,0,0,0,1,0,0,"Shotgun","D.Lambert","G.President",NA,"P.Walker",NA,0.00808324530383493,0.19126984080125,0.00484935435644613,0.285789962894883,0.181144977044167,0.0036871058546298,0.325175513744789,0.223306992249505,-1.93652091539192
16485,8,6935,105,601,"HOU",3,"6:59",4,4,"HOU 27","4th & 4 HOU 27","Punt",21,12,FALSE,"6:48",21,12,"","(Punt) A.Rehkow punts, 44 yds to STL 29. D.Pierson-El to STL 40 for 44 yards (M.Huff)","44 yard punt","","2:08",6,3,"","",0,FALSE,"",0,73,0,1319,0,0,0,0,0,0,0,0,0,"Punt","M.Huff",NA,NA,NA,NA,0.00973172197019617,0.269929916869915,0.0057873297402021,0.400119556852129,0.0893155308148974,0.00494947118898017,0.22016647256368,-1.71321392314242,-0.448595678541522
16496,8,6985,106,606,"STL",3,"6:48",1,10,"STL 40","1st & 10 STL 40","Rush",21,12,FALSE,"6:17",21,12,"","(Shotgun) N.Fitzgerald rush up the middle to STL 47 for 7 yards (D.Gates)","7 yard rush","","5:18",60,13,"","",0,FALSE,"",0,60,0,1308,7,1,0,0,0,0,0,0,0,"Shotgun","D.Gates",NA,NA,"N.Fitzgerald",NA,0.00707471862832585,0.1109019613656,0.00121474194274457,0.169756401760705,0.287301613509551,0.00353820390507232,0.420212358888002,2.16180960168394,0.431692115477019
16507,8,6985,107,606,"STL",3,"6:17",2,3,"STL 47","2nd & 3 STL 47","Rush",21,12,FALSE,"5:59",21,12,"","(Shotgun) M.Jones rush left guard to STL 49 for 2 yards (C.Crawford)","2 yard rush","","5:18",60,13,"","",0,FALSE,"",0,53,0,1277,2,1,0,0,0,0,0,0,0,"Shotgun","C.Crawford",NA,NA,"M.Jones",NA,0.00712132474162538,0.0964382519281254,0.000821180418239723,0.145031479603572,0.295821792174248,0.00361794170887606,0.451148029425313,2.59350171716096,0.0106457235365789
16537,8,6985,108,606,"STL",3,"5:59",3,1,"STL 49","3rd & 1 STL 49","Rush",21,12,FALSE,"5:40",21,12,"","(Shotgun) C.Michael rush right guard to HOU 43 for 8 yards (M.Huff; C.Brown)","8 yard rush","R14","5:18",60,13,"","",0,FALSE,"",0,51,0,1259,8,1,0,0,0,0,0,0,0,"Shotgun","M.Huff","C.Brown",NA,"C.Michael",NA,0.00744247838252468,0.0986959567163878,0.00100978459778429,0.147739716742812,0.276395330897049,0.0029514924739935,0.465765240189448,2.60414744069753,0.67052848626009
16529,8,6985,109,606,"STL",3,"5:40",1,10,"HOU 43","1st & 10 HOU 43","Rush",21,12,FALSE,"5:15",21,12,"","(Shotgun) C.Michael rush right tackle to HOU 45 for -2 yards (G.Wright)","-2 yard rush","","5:18",60,13,"","",0,TRUE,"",0,43,0,1240,-2,1,0,0,0,0,0,0,0,"Shotgun","G.Wright",NA,NA,"C.Michael",NA,0.00588970509949515,0.0681913106123316,0.000267166043916926,0.103851753535853,0.334938233182787,0.00324355902208338,0.483618272503533,3.27467592695762,-0.690134124860682
16542,8,6985,110,606,"STL",3,"5:15",2,12,"HOU 45","2nd & 12 HOU 45","Pass",21,12,FALSE,"4:51",21,12,"","(Shotgun) J.Ta'amu pass incomplete short middle to L.Washington.","Incomplete pass","","5:18",60,13,"","",0,FALSE,"",0,45,0,1215,0,0,1,0,0,0,0,0,0,"Shotgun",NA,NA,"J.Ta'amu",NA,"",0.00749787499746909,0.0881639524760345,0.00064168732458119,0.136539736589405,0.352102638447779,0.00362984653527606,0.411424263629454,2.58454180209694,-0.82932569925193
16556,8,6985,111,606,"STL",3,"4:51",3,12,"HOU 45","3rd & 12 HOU 45","Pass",21,12,FALSE,"4:21",21,12,"","(Shotgun) J.Ta'amu pass short right to C.Michael out of bounds at HOU 34 for 11 yards (D.Gates)","11 yard pass","","5:18",60,13,"","",0,FALSE,"",0,45,0,1191,11,0,1,0,0,0,0,0,0,"Shotgun","D.Gates",NA,"J.Ta'amu",NA,"C.Michael",0.00916595449325559,0.11127951691301,0.000905558236516896,0.175560999021461,0.375990759501719,0.00490930927329419,0.322187902560743,1.75521610284501,0.0416144458637211
16567,8,6985,112,606,"STL",3,"4:21",4,1,"HOU 34","4th & 1 HOU 34","Rush",21,12,FALSE,"3:49",21,12,"","(Shotgun) C.Michael rush up the middle to HOU 31 for 3 yards (E.Robinson)","3 yard rush","R15","5:18",60,13,"","",0,FALSE,"",0,34,0,1161,3,1,0,0,0,0,0,0,0,"Shotgun","E.Robinson",NA,NA,"C.Michael",NA,0.0110897135191426,0.100716308380492,0.000744186221543252,0.160751246568065,0.443700030784179,0.00560877506435018,0.277389739462228,1.79683054870873,2.03746774679891
16582,8,6985,113,606,"STL",3,"3:49",1,10,"HOU 31","1st & 10 HOU 31","Pass",21,12,FALSE,"3:28",21,12,"","(No Huddle, Shotgun) J.Ta'amu pass short left to D.Pierson-El to HOU 28 for 3 yards (B.Brown)","3 yard pass","","5:18",60,13,"","",0,TRUE,"",0,31,0,1129,3,0,1,0,0,0,0,0,0,"No Huddle, Shotgun","B.Brown",NA,"J.Ta'amu",NA,"D.Pierson-El",0.00640605652906213,0.0463675791468841,8.78406941907517e-05,0.0701954103357975,0.359180200660537,0.00292281168448534,0.514840100949043,3.83429829550764,-0.1966921769157
16599,8,6985,114,606,"STL",3,"3:28",2,7,"HOU 28","2nd & 7 HOU 28","Pass",21,12,FALSE,"3:07",21,12,"","(Shotgun) J.Ta'amu pass short left to W.Saxton out of bounds at HOU 22 for 6 yards (D.Gates)","6 yard pass","","5:18",60,13,"","",0,FALSE,"",0,28,0,1108,6,0,1,0,0,0,0,0,0,"Shotgun","D.Gates",NA,"J.Ta'amu",NA,"W.Saxton",0.00690549113149985,0.0478942954072879,0.000140316158335276,0.0732926710481679,0.398573346330544,0.00300183545669649,0.470192044467469,3.63760611859195,0.213308600403406
16617,8,6985,115,606,"STL",3,"3:07",3,1,"HOU 22","3rd & 1 HOU 22","Rush",21,12,FALSE,"2:37",21,12,"","(Shotgun) J.Ta'amu rush left tackle to HOU 16 for 6 yards (C.Ballard)","6 yard rush","R16","5:18",60,13,"","",0,FALSE,"",0,22,0,1087,6,1,0,0,0,0,0,0,0,"Shotgun","C.Ballard",NA,NA,"J.Ta'amu",NA,0.00644466574276552,0.0367639619955315,0.000109172817101731,0.0567045439779985,0.431253333969438,0.00232524559260986,0.466399075904554,3.85091471899535,0.454683902221868
16636,8,6985,116,606,"STL",3,"2:37",1,10,"HOU 16","1st & 10 HOU 16","Rush",21,12,FALSE,"2:08",21,12,"","(Shotgun) C.Michael rush left end to HOU 15 for 1 yards (D.Nichols)","1 yard rush","","5:18",60,13,"","",0,TRUE,"",0,16,0,1057,1,1,0,0,0,0,0,0,0,"Shotgun","D.Nichols",NA,NA,"C.Michael",NA,0.00530193270054834,0.0279755738011958,2.13904625784801e-05,0.0421437223814535,0.381380926311367,0.00250831403050174,0.540668140312355,4.30559862121722,-0.32695939916912
16639,8,6985,117,606,"STL",3,"2:08",2,9,"HOU 15",NA,"Penalty",21,12,FALSE,"1:58",21,12,"","PENALTY on HOU. Neutral zone infraction, 5 yards, enforced to HOU 10.","5 yard penalty","","5:18",60,13,"","",0,FALSE,"Penalty",0,15,0,1028,5,0,0,0,1,0,0,0,0,NA,NA,NA,NA,NA,NA,0.0062991349038653,0.0312905547130089,5.10187167166228e-05,0.0481367257699938,0.441508477734902,0.00259230336200525,0.470121784799508,3.9786392220481,0.6934653392282
16652,8,6985,118,606,"STL",3,"1:58",1,5,"HOU 10","1st & 5 HOU 10","Rush",21,12,FALSE,"1:34",21,12,"","(Shotgun) C.Michael rush right end to HOU 4 for 6 yards (L.Lewis; S.Smith)","6 yard rush","R17","5:18",60,13,"","",0,FALSE,"",0,10,0,1018,6,1,0,0,0,0,0,0,0,"Shotgun","L.Lewis","S.Smith",NA,"C.Michael",NA,0.00500095682344572,0.0203775088617317,1.06271318244737e-05,0.0306421233854185,0.341327286220657,0.00193765528480104,0.600703842292122,4.6721045612763,0.81625118607045
16660,8,6985,119,606,"STL",3,"1:34",1,4,"HOU 4","1st & 4 HOU 04","Rush",21,12,TRUE,"1:30",21,18,"J.Ta'amu 4 yd. run","(Shotgun) J.Ta'amu rush left end for 4 yards, TOUCHDOWN.","4 yard rush","R18","5:18",60,13,"Touchdown","Jordan Ta'amu",606,TRUE,"",6.5,4,1,994,4,1,0,0,0,0,0,0,0,"Shotgun",NA,NA,NA,"J.Ta'amu",NA,0.00283980205454062,0.0103623201491229,1.34526103532564e-05,0.0126640280878845,0.206205533798166,0.00183942605733035,0.766075437242603,5.48835574734675,-0.553738234897223
16676,8,6985,120,606,"STL",3,"1:30",1,NA,"HOU 2",NA,"Rush",21,18,FALSE,"1:30",21,18,"","1pt attempt unsuccessful.","Unsuccessful conversion","","5:18",60,13,"","",0,FALSE,"",0,2,0,990,0,0,0,0,0,0,0,0,0,NA,NA,NA,NA,NA,NA,NA,NA,NA,NA,NA,NA,NA,NA,NA
16690,8,7025,121,601,"HOU",3,"1:30",1,10,"STL 30",NA,"Kick off",21,18,FALSE,"1:24",21,18,"","T.Russolino kickoff from STL 30, 65 yds to HOU 5. A.Harris out of bounds at HOU 30 for 65 yards (K.Robinson)","Kickoff","","1:42",13,4,"","",0,FALSE,"",0,68,0,990,0,0,0,0,0,0,0,0,0,NA,NA,NA,NA,NA,NA,0.0299159857859187,0.130532389268682,0.0023075809543572,0.197644931536705,0.255887449079742,0.00344473042672817,0.380266932947867,1.56538248755047,-0.167085384356359
16706,8,7025,122,601,"HOU",3,"1:24",1,10,"HOU 30","1st & 10 HOU 30","Pass",21,18,FALSE,"0:59",21,18,"","(Shotgun) P.Walker pass short right to C.Phillips out of bounds at HOU 45 for 15 yards (D.Wade)","15 yard pass","P14","1:42",13,4,"","",0,FALSE,"",0,70,0,984,15,0,1,0,0,0,0,0,0,"Shotgun","D.Wade",NA,"P.Walker",NA,"C.Phillips",0.0319680393774144,0.136558584641594,0.00272393908982402,0.206783195585484,0.24851360000296,0.00343810263831049,0.370014538664413,1.39829710319411,1.15562205275136
16791,8,7025,123,601,"HOU",3,"0:59",1,10,"HOU 45","1st & 10 HOU 45","Pass",21,18,FALSE,"0:35",21,18,"","(Shotgun) P.Walker pass short left to K.Lewis out of bounds at STL 47 for 8 yards (D.Hillary; D.McCoil)","8 yard pass","","1:42",13,4,"","",0,TRUE,"",0,55,0,959,8,0,1,0,0,0,0,0,0,"Shotgun","D.Hillary","D.McCoil","P.Walker",NA,"K.Lewis",0.0247787555788635,0.0933907445181374,0.00075238514621616,0.140971913466168,0.29820662770459,0.00334522535567187,0.438554348230353,2.55391915594548,0.588570681990618
16744,8,7025,124,601,"HOU",3,"0:35",2,2,"STL 47","2nd & 2 STL 47","Pass",21,18,FALSE,"0:06",21,18,"","(Shotgun) P.Walker pass incomplete short right to K.Lewis.","Incomplete pass","","1:42",13,4,"","",0,FALSE,"",0,47,0,935,0,0,1,0,0,0,0,0,0,"Shotgun",NA,NA,"P.Walker",NA,"",0.0231650816254566,0.0741616239553657,0.000440027578097994,0.109279065590799,0.303809725177628,0.00326657304590006,0.485877903026753,3.14248983793609,-0.624135087223786
16776,8,7025,125,601,"HOU",3,"0:06",3,2,"STL 47","3rd & 2 STL 47","Pass",21,18,FALSE,"0:06",21,18,"","(Shotgun) P.Walker pass deep right to C.Phillips to STL 24 for 23 yards (D.Wade)","","","1:42",13,4,"","",0,FALSE,"",0,47,0,906,0,0,0,0,0,0,0,0,0,"Shotgun","D.Wade",NA,"P.Walker",NA,NA,0.0280580663706534,0.0924090763966049,0.000799431521990136,0.139012197557875,0.312209565917228,0.00326541671357848,0.42424624552207,2.51835475071231,0
16789,8,7025,126,601,"HOU",3,"0:06",3,2,"STL 47","3rd & 2 STL 47","Pass",21,18,FALSE,"0:00",21,18,"","(Shotgun) P.Walker sacked at HOU 43 for -10 yards (A.Ankrah)","-10 yard sack","","1:42",13,4,"","",0,FALSE,"",0,47,0,906,-10,0,0,0,0,1,0,0,0,"Shotgun","A.Ankrah",NA,"P.Walker",NA,NA,0.0280580663706534,0.0924090763966049,0.000799431521990136,0.139012197557875,0.312209565917228,0.00326541671357848,0.42424624552207,2.51835475071231,-3.09909810760792
16832,8,7025,127,601,"HOU",4,"15:00",4,12,"HOU 43","4th & 12 HOU 43","Punt",21,18,FALSE,"14:48",21,18,"","(Punt) A.Rehkow punts for 55 yards to STL 2, downed by M.Huff.","55 yard punt","","1:42",13,4,"","",0,FALSE,"",0,57,0,900,0,0,0,0,0,0,0,0,0,"Punt",NA,NA,NA,NA,NA,0.0466353005017965,0.2072036144114,0.0033482789209686,0.30006252472592,0.243654486241194,0.00602570502583838,0.193070090172883,-0.580743356895614,1.60736744399226
16844,8,7066,128,606,"STL",4,"14:48",1,10,"STL 2",NA,"Penalty",21,18,FALSE,"14:48",21,18,"","PENALTY on STL. False start, 1 yards, enforced to STL 1.","1 yard penalty","","4:17",49,10,"","",0,FALSE,"Penalty",0,98,0,888,1,0,0,0,1,0,0,0,0,NA,NA,NA,NA,NA,NA,0.07201094627281,0.217704807902466,0.0235410839184133,0.329815219690807,0.139970785727564,0.00283609820366321,0.214121058284277,-1.02662408709665,-0.123880377342239
16849,8,7066,129,606,"STL",4,"14:48",1,11,"STL 1",NA,"Penalty",21,18,FALSE,"14:47",21,18,"","PENALTY on STL. False start, 0 yards, enforced to STL 1.","0 yard penalty","","4:17",49,10,"","",0,FALSE,"Penalty",0,99,0,888,0,0,0,0,1,0,0,0,0,NA,NA,NA,NA,NA,NA,0.0722716356934351,0.221581177870962,0.0255210387632605,0.335711794782546,0.137629599979918,0.00285152912597573,0.204433223783902,-1.15050446443889,0.000586451994013526
16863,8,7066,130,606,"STL",4,"14:47",1,11,"STL 1","1st & 11 STL 01","Pass",21,18,FALSE,"14:16",21,18,"","(Shotgun) J.Ta'amu pass short left to L.Washington to STL 4 for 3 yards (A.Harris)","3 yard pass","","4:17",49,10,"","",0,FALSE,"",0,99,0,887,3,0,1,0,0,0,0,0,0,"Shotgun","A.Harris",NA,"J.Ta'amu",NA,"L.Washington",0.0725433714821821,0.221512829305104,0.0255127939196356,0.335595533570387,0.137595907954343,0.00285063485334703,0.204388928915001,-1.14991801244487,-0.252246600576103
16875,8,7066,131,606,"STL",4,"14:16",2,8,"STL 4","2nd & 8 STL 04","Rush",21,18,FALSE,"13:45",21,18,"","(Shotgun) C.Michael rush left tackle to STL 7 for 3 yards (W.Palmore)","3 yard rush","","4:17",49,10,"","",0,FALSE,"",0,96,0,856,3,1,0,0,0,0,0,0,0,"Shotgun","W.Palmore",NA,NA,"C.Michael",NA,0.0784642307116207,0.234780216382781,0.0185613129673294,0.351593904604586,0.119789422474294,0.00310670200379408,0.193704210855595,-1.40216461302098,-0.244011369456236
16890,8,7066,132,606,"STL",4,"13:45",3,5,"STL 7","3rd & 5 STL 07","Pass",21,18,FALSE,"13:11",21,18,"","(Shotgun) J.Ta'amu pass short middle to D.Pierson-El out of bounds at STL 19 for 12 yards (A.Harris)","12 yard pass","P19","4:17",49,10,"","",0,FALSE,"",0,93,0,825,12,0,1,0,0,0,0,0,0,"Shotgun","A.Harris",NA,"J.Ta'amu",NA,"D.Pierson-El",0.0787132695183522,0.254464490772456,0.0157404673842803,0.366562041156284,0.0870304901797191,0.00298218774277831,0.19450705324613,-1.64617598247721,2.10854632633518
16900,8,7066,133,606,"STL",4,"13:11",1,10,"STL 19","1st & 10 STL 19","Rush",21,18,FALSE,"12:51",21,18,"","(Shotgun) M.Jones rush right guard to STL 24 for 5 yards (E.Robinson)","5 yard rush","","4:17",49,10,"","",0,TRUE,"",0,81,0,791,5,1,0,0,0,0,0,0,0,"Shotgun","E.Robinson",NA,NA,"M.Jones",NA,0.0821272141834948,0.163008719964352,0.00630220791614871,0.245433849668846,0.199076047210142,0.00316554357115757,0.300886417485858,0.462370343857963,0.0743436999822988
17048,8,7066,134,606,"STL",4,"12:51",2,5,"STL 24","2nd & 5 STL 24","Pass",21,18,FALSE,"12:18",21,18,"","(Shotgun) J.Ta'amu pass short left to W.Saxton to STL 28 for 4 yards (D.Nichols; A.Harris)","4 yard pass","","4:17",49,10,"","",0,FALSE,"",0,76,0,771,4,0,1,0,0,0,0,0,0,"Shotgun","D.Nichols","A.Harris","J.Ta'amu",NA,"W.Saxton",0.08430503484297,0.162534458830811,0.00452896417573048,0.241229435306921,0.194583311030507,0.00349009504383631,0.309328700769223,0.536714043840262,0.49166878009129
16929,8,7066,135,606,"STL",4,"12:18",3,1,"STL 28","3rd & 1 STL 28","Rush",21,18,FALSE,"11:40",21,18,"","(Shotgun) M.Jones rush right tackle to STL 30 for 2 yards (K.Ealy; T.Schwab)","2 yard rush","R20","4:17",49,10,"","",0,FALSE,"",0,72,0,738,2,1,0,0,0,0,0,0,0,"Shotgun","K.Ealy","T.Schwab",NA,"M.Jones",NA,0.086454007793565,0.153467292715708,0.00380963912897312,0.219374111570484,0.158718614029687,0.00265918055435019,0.375517154207232,1.02838282393155,0.349273184519318
16942,8,7066,136,606,"STL",4,"11:40",1,10,"STL 30","1st & 10 STL 30","Pass",21,18,FALSE,"11:16",21,18,"","(Shotgun) J.Ta'amu pass short right to K.Mumphery out of bounds at STL 41 for 11 yards","11 yard pass","P21","4:17",49,10,"","",0,TRUE,"",0,70,0,700,11,0,1,0,0,0,0,0,0,"Shotgun",NA,NA,"J.Ta'amu",NA,"K.Mumphery",0.0936806357301527,0.12627690978327,0.00250842268050217,0.189168895438354,0.233996090535734,0.00317459244536181,0.351194453386625,1.37765600845087,0.828892064793672
16955,8,7066,137,606,"STL",4,"11:16",1,10,"STL 41","1st & 10 STL 41","Pass",21,18,FALSE,"10:59",21,18,"","(Shotgun) J.Ta'amu pass short right to M.Lucas to HOU 45 for 14 yards (J.Johnson)","14 yard pass","P22","4:17",49,10,"","",0,TRUE,"",0,59,0,676,14,0,1,0,0,0,0,0,0,"Shotgun","J.Johnson",NA,"J.Ta'amu",NA,"M.Lucas",0.0805282156241211,0.0967719402104933,0.000988658111174039,0.144603639429845,0.270930454778323,0.00315057665375506,0.403026515192289,2.20654807324454,0.884604467488047
16974,8,7066,138,606,"STL",4,"10:59",1,10,"HOU 45","1st & 10 HOU 45","Pass",21,18,FALSE,"10:48",21,18,"","(No Huddle, Shotgun) J.Ta'amu pass short left to D.Pierson-El to HOU 49 for -4 yards (A.Harris)","-4 yard pass","","4:17",49,10,"","",0,TRUE,"",0,45,0,659,-4,0,1,0,0,0,0,0,0,"No Huddle, Shotgun","A.Harris",NA,"J.Ta'amu",NA,"D.Pierson-El",0.0602276909862394,0.0660716450283498,0.000289640600672577,0.0984629254078887,0.312501308904342,0.00298939633645903,0.459457392736049,3.09115254073259,-0.874942943259711
16994,8,7066,139,606,"STL",4,"10:48",2,14,"HOU 49","2nd & 14 HOU 49","Pass",21,18,FALSE,"10:31",21,18,"","(No Huddle, Shotgun) J.Ta'amu pass deep right intended for A.Russell INTERCEPTED by J.Johnson at HOU 30. J.Johnson to STL 6 for 19 yards (K.Mumphery)","Intercept","","4:17",49,10,"","",0,FALSE,"",0,49,0,648,0,0,1,1,0,0,0,0,0,"No Huddle, Shotgun","K.Mumphery",NA,"J.Ta'amu",NA,"STL",0.0755101094339557,0.0909744371371768,0.000816864604137,0.13823779994716,0.316996488042439,0.00337668484587646,0.374087615989255,2.21620959747288,-7.40347956765507
17005,8,7079,140,601,"HOU",4,"10:31",1,6,"STL 6","1st & 6 STL 06","Rush",21,18,FALSE,"10:00",21,18,"","(Shotgun) J.Butler rush up the middle to STL 3 for 3 yards (G.President)","3 yard rush","","0:59",6,3,"","",0,FALSE,"",0,6,1,631,3,1,0,0,0,0,0,0,0,"Shotgun","G.President",NA,NA,"J.Butler",NA,0.0136217299481836,0.011008867550279,8.46676344967991e-06,0.0128189449659295,0.270192966126194,0.00160242443086178,0.690746600215102,5.18726997018219,0.0326568775032419
17025,8,7079,141,601,"HOU",4,"10:00",2,3,"STL 3","2nd & 3 STL 03","Rush",21,18,FALSE,"9:36",21,18,"","(Shotgun) J.Butler rush up the middle to STL 2 for 1 yards (A.Ankrah; C.Sayles)","1 yard rush","","0:59",6,3,"","",0,FALSE,"",0,3,1,600,1,1,0,0,0,0,0,0,0,"Shotgun","A.Ankrah","C.Sayles",NA,"J.Butler",NA,0.0146353022296352,0.0122267430656478,5.29234021234034e-05,0.0151175513216182,0.245582084998068,0.00272762557910128,0.709657769403806,5.21992684768544,-0.348317370938742
17037,8,7079,142,601,"HOU",4,"9:36",3,2,"STL 2","3rd & 2 STL 02","Pass",21,18,TRUE,"9:32",27,18,"C.Phillips 2 yd. pass from P.Walker","(Shotgun) P.Walker pass short right to C.Phillips for 2 yards, TOUCHDOWN.","2 yard pass","P15","0:59",6,3,"Touchdown","Cam Phillips",601,FALSE,"",6.5,2,1,576,2,0,1,0,0,0,0,0,0,"Shotgun",NA,NA,"P.Walker",NA,"C.Phillips",0.018907416438411,0.0155582235906768,0.00021595213810278,0.0211232529249143,0.303656241419389,0.00410099247257362,0.636437921015932,4.87160947674669,0.150256536779764
17055,8,7079,143,601,"HOU",4,"9:32",1,NA,"STL 2",NA,"Rush",27,18,TRUE,"9:32",28,18,"","1pt attempt successful. P.Walker rush.","Successful conversion","","0:59",6,3,"One Point Successful Conversion","Phillip Walker",601,FALSE,"",1,2,0,572,0,0,0,0,0,0,0,0,0,NA,NA,NA,NA,NA,NA,NA,NA,NA,NA,NA,NA,NA,NA,NA
17067,8,7101,144,606,"STL",4,"9:32",1,10,"HOU 30",NA,"Kick off",28,18,FALSE,"9:26",28,18,"","S.Castillo kickoff from HOU 30, 63 yds to STL 7. K.Mumphery to STL 33 for 63 yards (M.Huff)","Kickoff","","2:27",6,5,"","",0,FALSE,"",0,68,0,572,0,0,0,0,0,0,0,0,0,NA,NA,NA,NA,NA,NA,0.141804773752387,0.113298238979663,0.00199071986455033,0.168855976339093,0.22809348731731,0.00298348821370221,0.342973315533293,1.47813398647354,0.071995638807473
17080,8,7101,145,606,"STL",4,"9:26",1,10,"STL 33","1st & 10 STL 33","Rush",28,18,FALSE,"9:03",28,18,"","(Shotgun) C.Michael rush right guard to STL 36 for 3 yards (D.Gates)","3 yard rush","","2:27",6,5,"","",0,FALSE,"",0,67,0,566,3,1,0,0,0,0,0,0,0,"Shotgun","D.Gates",NA,NA,"C.Michael",NA,0.141935082119004,0.110497775870543,0.00182752602531056,0.164620677682473,0.23101592164613,0.0029788807392351,0.347124135917304,1.55012962528102,-0.222386048767083
17093,8,7101,146,606,"STL",4,"9:03",2,7,"STL 36","2nd & 7 STL 36","Pass",28,18,FALSE,"8:36",28,18,"","(Shotgun) J.Ta'amu pass short right to A.Russell to STL 45 for 9 yards (S.Smith)","9 yard pass","P23","2:27",6,5,"","",0,FALSE,"",0,64,0,543,9,0,1,0,0,0,0,0,0,"Shotgun","S.Smith",NA,"J.Ta'amu",NA,"A.Russell",0.152166166623737,0.116406433691405,0.00191705380096722,0.17298877583411,0.227920621616685,0.0032097781229712,0.325391170310123,1.32774357651393,1.03272755320079
17106,8,7101,147,606,"STL",4,"8:36",1,10,"STL 45","1st & 10 STL 45","Rush",28,18,FALSE,"8:10",28,18,"","(No Huddle, Shotgun) C.Michael rush left guard to STL 47 for 2 yards (N.James; B.Brown)","2 yard rush","","2:27",6,5,"","",0,TRUE,"",0,55,0,516,2,1,0,0,0,0,0,0,0,"No Huddle, Shotgun","N.James","B.Brown",NA,"C.Michael",NA,0.130314847940531,0.0812530615123233,0.000650378009499367,0.12060997894666,0.266872328590012,0.00290381885608724,0.397395586144888,2.36047112971472,-0.326717997791136
17121,8,7101,148,606,"STL",4,"8:10",2,8,"STL 47","2nd & 8 STL 47","Pass",28,18,FALSE,"7:49",28,18,"","(Shotgun) J.Ta'amu pass incomplete short middle to D.Pierson-El.","Incomplete pass","","2:27",6,5,"","",0,FALSE,"",0,53,0,490,0,0,1,0,0,0,0,0,0,"Shotgun",NA,NA,"J.Ta'amu",NA,"",0.145344536764657,0.0883241552187758,0.000874559598765878,0.131690464972771,0.271162584702265,0.00309979040762687,0.359503908335139,2.03375313192358,-0.751158056510985
17130,8,7101,149,606,"STL",4,"7:49",3,8,"STL 47","3rd & 8 STL 47","Pass",28,18,FALSE,"7:15",28,18,"","(Shotgun) J.Ta'amu sacked at STL 39 for -8 yards (T.Schwab)","-8 yard sack","","2:27",6,5,"","",0,FALSE,"",0,53,0,469,-8,0,0,0,0,1,0,0,0,"Shotgun","T.Schwab",NA,"J.Ta'amu",NA,NA,0.167739408266186,0.108972754985874,0.00122798955417225,0.164331374839389,0.265212217907092,0.00374867815423369,0.288767576293054,1.2825950754126,-1.97387038336204
17145,8,7101,150,606,"STL",4,"7:15",4,16,"STL 39","4th & 16 STL 39","Punt",28,18,FALSE,"7:05",28,18,"","(Punt) M.King punts, 45 yds to HOU 16. S.Mobley to HOU 19 for 45 yards (D.McCoil)","45 yard punt","","2:27",6,5,"","",0,FALSE,"",0,61,0,435,0,0,0,0,0,0,0,0,0,"Punt","D.McCoil",NA,NA,NA,NA,0.250062717823644,0.177485584484434,0.0032212786521109,0.249600289245658,0.167680788137404,0.00459715606137938,0.147352185595369,-0.691275307949437,0.253923161502182
17157,8,7121,151,601,"HOU",4,"7:05",1,10,"HOU 19","1st & 10 HOU 19","Pass",28,18,FALSE,"6:40",28,18,"","(Shotgun) P.Walker pass incomplete short left to S.Mobley.","Incomplete pass","","1:39",7,3,"","",0,FALSE,"",0,81,0,425,0,0,1,0,0,0,0,0,0,"Shotgun",NA,NA,"P.Walker",NA,"",0.280932820786794,0.126113894901616,0.0048497911100347,0.187269735375404,0.157649345988878,0.00244444924369349,0.24073996259358,0.437352146447254,-0.522886346561295
17169,8,7121,152,601,"HOU",4,"6:40",2,10,"HOU 19","2nd & 10 HOU 19","Pass",28,18,FALSE,"6:04",28,18,"","(Shotgun) P.Walker pass short right to B.Jackson to HOU 26 for 7 yards (W.Hill)","7 yard pass","","1:39",7,3,"","",0,FALSE,"",0,81,0,400,7,0,1,0,0,0,0,0,0,"Shotgun","W.Hill",NA,"P.Walker",NA,"B.Jackson",0.305621692775743,0.141152527418174,0.00558291756846431,0.209458789900466,0.136000062241701,0.00258331127002148,0.19960069882543,-0.0855342001140411,0.314754039270188
17181,8,7121,153,601,"HOU",4,"6:04",3,3,"HOU 26","3rd & 3 HOU 26","Pass",28,18,FALSE,"5:38",28,18,"","(Shotgun) P.Walker pass incomplete short right to C.Phillips.","Incomplete pass","","1:39",7,3,"","",0,FALSE,"",0,74,0,364,0,0,1,0,0,0,0,0,0,"Shotgun",NA,NA,"P.Walker",NA,"",0.310547428717751,0.134234467301985,0.00365266193765433,0.192719269390934,0.122741441423858,0.00244472472753485,0.233660006500283,0.229219839156147,-1.16665787389142
17220,8,7121,154,601,"HOU",4,"5:38",4,3,"HOU 26","4th & 3 HOU 26","Punt",28,18,FALSE,"5:26",28,18,"","(Punt) A.Rehkow punts, 41 yds to STL 33. D.Pierson-El to STL 35 for 41 yards (T.Schwab, S.Coates)","41 yard punt","","1:39",7,3,"","",0,FALSE,"",0,74,0,338,0,0,0,0,0,0,0,0,0,"Punt","T.Schwab","S.Coates",NA,NA,NA,0.342068852084686,0.176466415972339,0.00371602836718968,0.253492824386362,0.0561446668647276,0.00312450050605199,0.164986711818644,-0.937438034735276,-0.497290118813726
17209,8,7154,155,606,"STL",4,"5:26",1,10,"STL 35","1st & 10 STL 35","Rush",28,18,FALSE,"4:56",28,18,"","(Shotgun) L.Tillery rush right tackle to STL 38 for 3 yards (S.Smith)","3 yard rush","","3:45",65,9,"","",0,FALSE,"",0,65,0,326,3,1,0,0,0,0,0,0,0,"Shotgun","S.Smith",NA,NA,"L.Tillery",NA,0.292495743208567,0.0856430458187118,0.00125084028640931,0.12640043779954,0.195921774475585,0.00241700796099941,0.295871150450187,1.434728153549,-0.20648882297039
17223,8,7154,156,606,"STL",4,"4:56",2,7,"STL 38","2nd & 7 STL 38","Rush",28,18,FALSE,"4:24",28,18,"","(Shotgun) C.Michael rush up the middle to STL 43 for 5 yards (C.Brown)","5 yard rush","","3:45",65,9,"","",0,FALSE,"",0,62,0,296,5,1,0,0,0,0,0,0,0,"Shotgun","C.Brown",NA,NA,"C.Michael",NA,0.316085830618718,0.0882312975229199,0.00131479049106136,0.129954994708715,0.19056350910035,0.00254278037631942,0.271306797181916,1.22823933057861,0.158371883900488
17233,8,7154,157,606,"STL",4,"4:24",3,2,"STL 43","3rd & 2 STL 43","Pass",28,18,FALSE,"4:02",28,18,"","(Shotgun) J.Ta'amu pass incomplete short right to K.Mumphery (S.Smith).","Incomplete pass","","3:45",65,9,"","",0,FALSE,"",0,57,0,264,0,0,1,0,0,0,0,0,0,"Shotgun","S.Smith",NA,"J.Ta'amu",NA,"K.Mumphery",0.325236179738488,0.0830216993753263,0.00108908944883944,0.12036901861952,0.178980912275512,0.00225772840487402,0.289045372137439,1.3866112144791,-1.34696916293177
17246,8,7154,158,606,"STL",4,"4:02",4,2,"STL 43","4th & 2 STL 43","Pass",28,18,FALSE,"3:31",28,18,"","(Shotgun) J.Ta'amu pass short left to A.Russell to HOU 49 for 8 yards (C.James)","8 yard pass","P24","3:45",65,9,"","",0,FALSE,"",0,57,0,242,8,0,1,0,0,0,0,0,0,"Shotgun","C.James",NA,"J.Ta'amu",NA,"A.Russell",0.409250135511435,0.117138277812652,0.00157955550296752,0.172771339878324,0.117944719842631,0.00336850417011216,0.177947467281879,0.0396420515473339,2.16023410703966
17258,8,7154,159,606,"STL",4,"3:31",1,10,"HOU 49","1st & 10 HOU 49","Pass",28,18,FALSE,"3:05",28,18,"","(Shotgun) J.Ta'amu pass incomplete short left to L.Washington (C.James).","Incomplete pass","","3:45",65,9,"","",0,TRUE,"",0,49,0,211,0,0,1,0,0,0,0,0,0,"Shotgun","C.James",NA,"J.Ta'amu",NA,"L.Washington",0.301183571097983,0.0539007219316855,0.000298918297888884,0.0790204953396966,0.225885836625456,0.00221468839731149,0.337495768309979,2.19987615858699,-0.471525176264105
17269,8,7154,160,606,"STL",4,"3:05",2,10,"HOU 49","2nd & 10 HOU 49","Pass",28,18,FALSE,"2:26",28,18,"","(Shotgun) J.Ta'amu sacked at STL 43 for -8 yards (G.Wright; W.Palmore)","-8 yard sack","","3:45",65,9,"","",0,FALSE,"",0,49,0,185,-8,0,0,0,0,1,0,0,0,"Shotgun","G.Wright","W.Palmore","J.Ta'amu",NA,NA,0.342318225379771,0.0609428364295097,0.000514075350010484,0.0903354930382098,0.222433507281379,0.00230561803813802,0.281150244482983,1.72835098232289,-1.25372463500835
17296,8,7154,161,606,"STL",4,"2:26",3,18,"STL 43","3rd & 18 STL 43","Pass",28,18,FALSE,"2:00",28,18,"","(Shotgun) J.Ta'amu pass short left to C.Michael to HOU 46 for 11 yards (C.Brown; C.James)","11 yard pass","","3:45",65,9,"","",0,FALSE,"",0,57,0,146,11,0,1,0,0,0,0,0,0,"Shotgun","C.Brown","C.James","J.Ta'amu",NA,"C.Michael",0.448200409636519,0.0859022162595643,0.0011525944143215,0.129316522859568,0.169190581160111,0.00287134485015911,0.163366330819757,0.474626347314539,-0.103178078940902
17301,8,7154,162,606,"STL",4,"2:00",4,7,"HOU 46",NA,"Penalty",28,18,FALSE,"2:00",28,18,"","PENALTY on STL. False start, 5 yards, enforced to STL 49.","5 yard penalty","","3:45",65,9,"","",0,FALSE,"Penalty",0,46,0,120,5,0,0,0,1,0,0,0,0,NA,NA,NA,NA,NA,NA,0.487400607577285,0.0792705282115171,0.000925198055913257,0.114403981248442,0.199466755813275,0.00313959540291726,0.11539333369065,0.371448268373636,-0.289332428935243
17314,8,7154,163,606,"STL",4,"2:00",4,12,"STL 49","4th & 12 STL 49","Pass",28,18,FALSE,"1:50",28,18,"","(Shotgun) J.Ta'amu pass short right to A.Russell to HOU 36 for 15 yards (S.Smith)","15 yard pass","P25","3:45",65,9,"","",0,FALSE,"",0,51,0,120,15,0,1,0,0,0,0,0,0,"Shotgun","S.Smith",NA,"J.Ta'amu",NA,"A.Russell",0.509578384168183,0.0893296055202969,0.00123682213354814,0.126499218016905,0.168046484742888,0.0030728649045691,0.10223662051361,0.0821158394383932,2.46828350128995
17336,8,7154,164,606,"STL",4,"1:50",1,10,"HOU 36","1st & 10 HOU 36","Pass",28,18,TRUE,"1:41",28,24,"L.Washington 36 yd. pass from J.Ta'amu","(No Huddle, Shotgun) J.Ta'amu pass short left to L.Washington for 36 yards, TOUCHDOWN.","36 yard pass","P26","3:45",65,9,"Touchdown","L'Damian Washington",606,TRUE,"",6.5,36,0,110,36,0,1,0,0,0,0,0,0,"No Huddle, Shotgun",NA,NA,"J.Ta'amu",NA,"L.Washington",0.356332221900934,0.026847079655158,0.000131275611665226,0.019394224445512,0.320543792168842,0.000722206024406426,0.276029200193482,2.55039934072834,2.84799180503117
17349,8,7154,165,606,"STL",4,"1:41",1,NA,"HOU 2",NA,"Pass",28,24,FALSE,"1:41",28,24,"","1pt attempt unsuccessful.","Unsuccessful conversion","","3:45",65,9,"","",0,FALSE,"",0,2,0,101,0,0,0,0,0,0,0,0,0,NA,NA,NA,NA,NA,NA,NA,NA,NA,NA,NA,NA,NA,NA,NA
17364,8,7178,166,601,"HOU",4,"1:41",1,10,"STL 30",NA,"Kick off",28,24,FALSE,"1:36",28,24,"","T.Russolino kickoff from STL 30, 57 yds to HOU 13. A.Harris to HOU 23 for 57 yards (C.Agudosi)","Kickoff","","1:41",25,5,"","",0,FALSE,"",0,68,0,101,0,0,0,0,0,0,0,0,0,NA,NA,NA,NA,NA,NA,0.603932735159885,0.0461416024348645,0.00155943473013386,0.0334780565762995,0.16668037411247,0.000584867554969815,0.147622929431377,1.10160885424049,-0.350680747282279
17379,8,7178,167,601,"HOU",4,"1:36",1,10,"HOU 23","1st & 10 HOU 23","Pass",28,24,FALSE,"1:14",28,24,"","(Shotgun) P.Walker pass short right to C.Phillips to HOU 32 for 9 yards (W.Hill)","9 yard pass","","1:41",25,5,"","",0,FALSE,"",0,77,0,96,9,0,1,0,0,0,0,0,0,"Shotgun","W.Hill",NA,"P.Walker",NA,"C.Phillips",0.663436312054153,0.0503795001233424,0.00293255870739936,0.0365942627591648,0.130043704078303,0.000516774302654,0.116096887974983,0.750928106958211,0.35078549925237
17405,8,7178,168,601,"HOU",4,"1:14",2,1,"HOU 32","2nd & 1 HOU 32","Rush",28,24,FALSE,"1:07",28,24,"","(Shotgun) J.Butler rush right guard to HOU 38 for 6 yards (C.Ward)","6 yard rush","R16","1:41",25,5,"","",0,FALSE,"",0,68,0,74,6,1,0,0,0,0,0,0,0,"Shotgun","C.Ward",NA,NA,"J.Butler",NA,0.644230939980353,0.0399515202083697,0.00111201277436221,0.0276909532092118,0.13124120965742,0.000548246185512836,0.15522511798477,1.10171360621058,0.148863430890838
17429,8,7178,169,601,"HOU",4,"1:07",1,10,"HOU 38","1st & 10 HOU 38","Rush",28,24,FALSE,"0:44",28,24,"","(Shotgun) J.Butler rush right tackle to HOU 39 for 1 yards (D.Lambert)","1 yard rush","","1:41",25,5,"","",0,TRUE,"",0,62,0,67,1,1,0,0,0,0,0,0,0,"Shotgun","D.Lambert",NA,NA,"J.Butler",NA,0.595887825295883,0.0392812348797684,0.000923444095267147,0.0284387838659213,0.177956363376438,0.000573251162946985,0.156939097323775,1.25057703710142,-0.230587196226005
17431,8,7178,170,601,"HOU",4,"0:44",2,9,"HOU 39","2nd & 9 HOU 39","Rush",28,24,FALSE,"0:37",28,24,"","(Shotgun) J.Butler rush left end to STL 40 for 21 yards (K.Robinson) PENALTY on HOU. Holding, 10 yards, enforced to HOU 29.","10 yard penalty","","1:41",25,5,"","",0,FALSE,"",0,61,0,44,10,0,0,0,1,0,0,0,0,"Shotgun","K.Robinson",NA,NA,"J.Butler",NA,0.630529270823959,0.0418378671392095,0.00119514144180336,0.030420735367394,0.164528476474491,0.000584940278708659,0.130903568474434,1.01998984087541,-0.442400888905136
17448,8,7178,171,601,"HOU",4,"0:37",2,19,"HOU 29","2nd & 19 HOU 29","Rush",28,24,FALSE,"0:13",28,24,"","(Shotgun) P.Walker rush right tackle to HOU 44 for 15 yards (K.Robinson; D.Wade)","15 yard rush","","1:41",25,5,"","",0,FALSE,"",0,71,0,37,15,1,0,0,0,0,0,0,0,"Shotgun","K.Robinson","D.Wade",NA,"P.Walker",NA,0.695756805796056,0.049364821030028,0.00258359161689977,0.0363879762972461,0.123903649211904,0.000524226160129488,0.0914789298877373,0.577588951970278,0.395082603920644
17461,8,7178,172,601,"HOU",4,"0:13",3,4,"HOU 44","3rd & 4 HOU 44","Rush",28,24,FALSE,"0:00",28,24,"","(Shotgun) J.Butler rush right guard to HOU 48 for 4 yards (G.President; T.Garvin)","4 yard rush","","1:41",25,5,"","",0,FALSE,"",0,56,0,13,4,1,0,0,0,0,0,0,0,"Shotgun","G.President","T.Garvin",NA,"J.Butler",NA,0.645269923153354,0.0406980179698361,0.000994874535484237,0.029389822523191,0.158082736413836,0.00058423757718004,0.124980387827119,0.972671555890922,-0.972671555890922
